quarter,district,district_display,flat_type,median_rent
2018Q1,20,"Bishan, Ang Mo Kio",1-RM,0
2018Q1,20,"Bishan, Ang Mo Kio",2-RM,0
2018Q1,20,"Bishan, Ang Mo Kio",3-RM,1700
2018Q1,20,"Bishan, Ang Mo Kio",4-RM,2100
2018Q1,20,"Bishan, Ang Mo Kio",5-RM,2300
2018Q1,20,"Bishan, Ang Mo Kio",EXEC,0
2018Q1,16,"Bedok, Upper East Coast, Eastwood, Kew Drive",1-RM,0
2018Q1,16,"Bedok, Upper East Coast, Eastwood, Kew Drive",2-RM,0
2018Q1,16,"Bedok, Upper East Coast, Eastwood, Kew Drive",3-RM,1700
2018Q1,16,"Bedok, Upper East Coast, Eastwood, Kew Drive",4-RM,2050
2018Q1,16,"Bedok, Upper East Coast, Eastwood, Kew Drive",5-RM,2300
2018Q1,16,"Bedok, Upper East Coast, Eastwood, Kew Drive",EXEC,2400
2018Q1,20,"Bishan, Ang Mo Kio",1-RM,0
2018Q1,20,"Bishan, Ang Mo Kio",2-RM,0
2018Q1,20,"Bishan, Ang Mo Kio",3-RM,1800
2018Q1,20,"Bishan, Ang Mo Kio",4-RM,2250
2018Q1,20,"Bishan, Ang Mo Kio",5-RM,2500
2018Q1,20,"Bishan, Ang Mo Kio",EXEC,0
2018Q1,23,"Hillview, Dairy Farm, Bukit Panjang, Choa Chu Kang",1-RM,0
2018Q1,23,"Hillview, Dairy Farm, Bukit Panjang, Choa Chu Kang",2-RM,0
2018Q1,23,"Hillview, Dairy Farm, Bukit Panjang, Choa Chu Kang",3-RM,1600
2018Q1,23,"Hillview, Dairy Farm, Bukit Panjang, Choa Chu Kang",4-RM,1900
2018Q1,23,"Hillview, Dairy Farm, Bukit Panjang, Choa Chu Kang",5-RM,2100
2018Q1,23,"Hillview, Dairy Farm, Bukit Panjang, Choa Chu Kang",EXEC,2200
2018Q1,04,"Telok Blangah, Harbourfront",1-RM,0
2018Q1,04,"Telok Blangah, Harbourfront",2-RM,1550
2018Q1,04,"Telok Blangah, Harbourfront",3-RM,1900
2018Q1,04,"Telok Blangah, Harbourfront",4-RM,2500
2018Q1,04,"Telok Blangah, Harbourfront",5-RM,2800
2018Q1,04,"Telok Blangah, Harbourfront",EXEC,0
2018Q1,23,"Hillview, Dairy Farm, Bukit Panjang, Choa Chu Kang",1-RM,0
2018Q1,23,"Hillview, Dairy Farm, Bukit Panjang, Choa Chu Kang",2-RM,0
2018Q1,23,"Hillview, Dairy Farm, Bukit Panjang, Choa Chu Kang",3-RM,1500
2018Q1,23,"Hillview, Dairy Farm, Bukit Panjang, Choa Chu Kang",4-RM,1700
2018Q1,23,"Hillview, Dairy Farm, Bukit Panjang, Choa Chu Kang",5-RM,1800
2018Q1,23,"Hillview, Dairy Farm, Bukit Panjang, Choa Chu Kang",EXEC,2000
2018Q1,10,"Ardmore, Bukit Timah, Holland Road, Tanglin",1-RM,0
2018Q1,10,"Ardmore, Bukit Timah, Holland Road, Tanglin",2-RM,0
2018Q1,10,"Ardmore, Bukit Timah, Holland Road, Tanglin",3-RM,0
2018Q1,10,"Ardmore, Bukit Timah, Holland Road, Tanglin",4-RM,0
2018Q1,10,"Ardmore, Bukit Timah, Holland Road, Tanglin",5-RM,0
2018Q1,10,"Ardmore, Bukit Timah, Holland Road, Tanglin",EXEC,0
2018Q1,02,"Anson, Tanjong Pagar",1-RM,0
2018Q1,02,"Anson, Tanjong Pagar",2-RM,0
2018Q1,02,"Anson, Tanjong Pagar",3-RM,2100
2018Q1,02,"Anson, Tanjong Pagar",4-RM,2580
2018Q1,02,"Anson, Tanjong Pagar",5-RM,0
2018Q1,02,"Anson, Tanjong Pagar",EXEC,0
2018Q1,23,"Hillview, Dairy Farm, Bukit Panjang, Choa Chu Kang",1-RM,0
2018Q1,23,"Hillview, Dairy Farm, Bukit Panjang, Choa Chu Kang",2-RM,0
2018Q1,23,"Hillview, Dairy Farm, Bukit Panjang, Choa Chu Kang",3-RM,0
2018Q1,23,"Hillview, Dairy Farm, Bukit Panjang, Choa Chu Kang",4-RM,1750
2018Q1,23,"Hillview, Dairy Farm, Bukit Panjang, Choa Chu Kang",5-RM,1900
2018Q1,23,"Hillview, Dairy Farm, Bukit Panjang, Choa Chu Kang",EXEC,2000
2018Q1,05,"Pasir Panjang, Hong Leong Garden, Clementi New Town",1-RM,0
2018Q1,05,"Pasir Panjang, Hong Leong Garden, Clementi New Town",2-RM,0
2018Q1,05,"Pasir Panjang, Hong Leong Garden, Clementi New Town",3-RM,1800
2018Q1,05,"Pasir Panjang, Hong Leong Garden, Clementi New Town",4-RM,2300
2018Q1,05,"Pasir Panjang, Hong Leong Garden, Clementi New Town",5-RM,2500
2018Q1,05,"Pasir Panjang, Hong Leong Garden, Clementi New Town",EXEC,0
2018Q1,14,"Geylang, Eunos",1-RM,0
2018Q1,14,"Geylang, Eunos",2-RM,0
2018Q1,14,"Geylang, Eunos",3-RM,1750
2018Q1,14,"Geylang, Eunos",4-RM,2300
2018Q1,14,"Geylang, Eunos",5-RM,2550
2018Q1,14,"Geylang, Eunos",EXEC,0
2018Q1,19,"Serangoon Garden, Hougang, Punggo",1-RM,0
2018Q1,19,"Serangoon Garden, Hougang, Punggo",2-RM,0
2018Q1,19,"Serangoon Garden, Hougang, Punggo",3-RM,1600
2018Q1,19,"Serangoon Garden, Hougang, Punggo",4-RM,1900
2018Q1,19,"Serangoon Garden, Hougang, Punggo",5-RM,2100
2018Q1,19,"Serangoon Garden, Hougang, Punggo",EXEC,2350
2018Q1,22,Jurong,1-RM,0
2018Q1,22,Jurong,2-RM,0
2018Q1,22,Jurong,3-RM,1700
2018Q1,22,Jurong,4-RM,2100
2018Q1,22,Jurong,5-RM,2300
2018Q1,22,Jurong,EXEC,2500
2018Q1,22,Jurong,1-RM,0
2018Q1,22,Jurong,2-RM,0
2018Q1,22,Jurong,3-RM,1650
2018Q1,22,Jurong,4-RM,2000
2018Q1,22,Jurong,5-RM,2150
2018Q1,22,Jurong,EXEC,2300
2018Q1,14,"Geylang, Eunos",1-RM,0
2018Q1,14,"Geylang, Eunos",2-RM,0
2018Q1,14,"Geylang, Eunos",3-RM,1850
2018Q1,14,"Geylang, Eunos",4-RM,2500
2018Q1,14,"Geylang, Eunos",5-RM,2600
2018Q1,14,"Geylang, Eunos",EXEC,0
2018Q1,15,"Katong, Joo Chiat, Amber Road",1-RM,0
2018Q1,15,"Katong, Joo Chiat, Amber Road",2-RM,0
2018Q1,15,"Katong, Joo Chiat, Amber Road",3-RM,1800
2018Q1,15,"Katong, Joo Chiat, Amber Road",4-RM,2200
2018Q1,15,"Katong, Joo Chiat, Amber Road",5-RM,2500
2018Q1,15,"Katong, Joo Chiat, Amber Road",EXEC,0
2018Q1,18,"Tampines, Pasir Ris",1-RM,0
2018Q1,18,"Tampines, Pasir Ris",2-RM,0
2018Q1,18,"Tampines, Pasir Ris",3-RM,0
2018Q1,18,"Tampines, Pasir Ris",4-RM,2000
2018Q1,18,"Tampines, Pasir Ris",5-RM,2100
2018Q1,18,"Tampines, Pasir Ris",EXEC,2300
2018Q1,19,"Serangoon Garden, Hougang, Punggo",1-RM,0
2018Q1,19,"Serangoon Garden, Hougang, Punggo",2-RM,0
2018Q1,19,"Serangoon Garden, Hougang, Punggo",3-RM,0
2018Q1,19,"Serangoon Garden, Hougang, Punggo",4-RM,1800
2018Q1,19,"Serangoon Garden, Hougang, Punggo",5-RM,1800
2018Q1,19,"Serangoon Garden, Hougang, Punggo",EXEC,0
2018Q1,03,"Queenstown, Tiong Bahru",1-RM,0
2018Q1,03,"Queenstown, Tiong Bahru",2-RM,1400
2018Q1,03,"Queenstown, Tiong Bahru",3-RM,1850
2018Q1,03,"Queenstown, Tiong Bahru",4-RM,2600
2018Q1,03,"Queenstown, Tiong Bahru",5-RM,2800
2018Q1,03,"Queenstown, Tiong Bahru",EXEC,0
2018Q1,27,"Yishun, Sembawang",1-RM,0
2018Q1,27,"Yishun, Sembawang",2-RM,0
2018Q1,27,"Yishun, Sembawang",3-RM,0
2018Q1,27,"Yishun, Sembawang",4-RM,1850
2018Q1,27,"Yishun, Sembawang",5-RM,1900
2018Q1,27,"Yishun, Sembawang",EXEC,2100
2018Q1,19,"Serangoon Garden, Hougang, Punggo",1-RM,0
2018Q1,19,"Serangoon Garden, Hougang, Punggo",2-RM,0
2018Q1,19,"Serangoon Garden, Hougang, Punggo",3-RM,0
2018Q1,19,"Serangoon Garden, Hougang, Punggo",4-RM,1800
2018Q1,19,"Serangoon Garden, Hougang, Punggo",5-RM,1900
2018Q1,19,"Serangoon Garden, Hougang, Punggo",EXEC,2000
2018Q1,12,"Balestier, Toa Payoh, Serangoon",1-RM,0
2018Q1,12,"Balestier, Toa Payoh, Serangoon",2-RM,0
2018Q1,12,"Balestier, Toa Payoh, Serangoon",3-RM,1750
2018Q1,12,"Balestier, Toa Payoh, Serangoon",4-RM,2200
2018Q1,12,"Balestier, Toa Payoh, Serangoon",5-RM,2350
2018Q1,12,"Balestier, Toa Payoh, Serangoon",EXEC,2500
2018Q1,18,"Tampines, Pasir Ris",1-RM,0
2018Q1,18,"Tampines, Pasir Ris",2-RM,0
2018Q1,18,"Tampines, Pasir Ris",3-RM,1700
2018Q1,18,"Tampines, Pasir Ris",4-RM,2000
2018Q1,18,"Tampines, Pasir Ris",5-RM,2200
2018Q1,18,"Tampines, Pasir Ris",EXEC,2400
2018Q1,12,"Balestier, Toa Payoh, Serangoon",1-RM,0
2018Q1,12,"Balestier, Toa Payoh, Serangoon",2-RM,0
2018Q1,12,"Balestier, Toa Payoh, Serangoon",3-RM,1800
2018Q1,12,"Balestier, Toa Payoh, Serangoon",4-RM,2250
2018Q1,12,"Balestier, Toa Payoh, Serangoon",5-RM,2600
2018Q1,12,"Balestier, Toa Payoh, Serangoon",EXEC,0
2018Q1,25,"Kranji, Woodgrove",1-RM,0
2018Q1,25,"Kranji, Woodgrove",2-RM,0
2018Q1,25,"Kranji, Woodgrove",3-RM,1400
2018Q1,25,"Kranji, Woodgrove",4-RM,1800
2018Q1,25,"Kranji, Woodgrove",5-RM,1900
2018Q1,25,"Kranji, Woodgrove",EXEC,2100
2018Q1,27,"Yishun, Sembawang",1-RM,0
2018Q1,27,"Yishun, Sembawang",2-RM,0
2018Q1,27,"Yishun, Sembawang",3-RM,1530
2018Q1,27,"Yishun, Sembawang",4-RM,1890
2018Q1,27,"Yishun, Sembawang",5-RM,2000
2018Q1,27,"Yishun, Sembawang",EXEC,2200
2018Q2,20,"Bishan, Ang Mo Kio",1-RM,0
2018Q2,20,"Bishan, Ang Mo Kio",2-RM,0
2018Q2,20,"Bishan, Ang Mo Kio",3-RM,1700
2018Q2,20,"Bishan, Ang Mo Kio",4-RM,2000
2018Q2,20,"Bishan, Ang Mo Kio",5-RM,2400
2018Q2,20,"Bishan, Ang Mo Kio",EXEC,0
2018Q2,16,"Bedok, Upper East Coast, Eastwood, Kew Drive",1-RM,0
2018Q2,16,"Bedok, Upper East Coast, Eastwood, Kew Drive",2-RM,0
2018Q2,16,"Bedok, Upper East Coast, Eastwood, Kew Drive",3-RM,1700
2018Q2,16,"Bedok, Upper East Coast, Eastwood, Kew Drive",4-RM,2000
2018Q2,16,"Bedok, Upper East Coast, Eastwood, Kew Drive",5-RM,2300
2018Q2,16,"Bedok, Upper East Coast, Eastwood, Kew Drive",EXEC,2350
2018Q2,20,"Bishan, Ang Mo Kio",1-RM,0
2018Q2,20,"Bishan, Ang Mo Kio",2-RM,0
2018Q2,20,"Bishan, Ang Mo Kio",3-RM,1850
2018Q2,20,"Bishan, Ang Mo Kio",4-RM,2300
2018Q2,20,"Bishan, Ang Mo Kio",5-RM,2550
2018Q2,20,"Bishan, Ang Mo Kio",EXEC,0
2018Q2,23,"Hillview, Dairy Farm, Bukit Panjang, Choa Chu Kang",1-RM,0
2018Q2,23,"Hillview, Dairy Farm, Bukit Panjang, Choa Chu Kang",2-RM,0
2018Q2,23,"Hillview, Dairy Farm, Bukit Panjang, Choa Chu Kang",3-RM,1600
2018Q2,23,"Hillview, Dairy Farm, Bukit Panjang, Choa Chu Kang",4-RM,1900
2018Q2,23,"Hillview, Dairy Farm, Bukit Panjang, Choa Chu Kang",5-RM,2100
2018Q2,23,"Hillview, Dairy Farm, Bukit Panjang, Choa Chu Kang",EXEC,2250
2018Q2,04,"Telok Blangah, Harbourfront",1-RM,0
2018Q2,04,"Telok Blangah, Harbourfront",2-RM,1500
2018Q2,04,"Telok Blangah, Harbourfront",3-RM,1900
2018Q2,04,"Telok Blangah, Harbourfront",4-RM,2500
2018Q2,04,"Telok Blangah, Harbourfront",5-RM,2750
2018Q2,04,"Telok Blangah, Harbourfront",EXEC,0
2018Q2,23,"Hillview, Dairy Farm, Bukit Panjang, Choa Chu Kang",1-RM,0
2018Q2,23,"Hillview, Dairy Farm, Bukit Panjang, Choa Chu Kang",2-RM,0
2018Q2,23,"Hillview, Dairy Farm, Bukit Panjang, Choa Chu Kang",3-RM,1500
2018Q2,23,"Hillview, Dairy Farm, Bukit Panjang, Choa Chu Kang",4-RM,1650
2018Q2,23,"Hillview, Dairy Farm, Bukit Panjang, Choa Chu Kang",5-RM,1800
2018Q2,23,"Hillview, Dairy Farm, Bukit Panjang, Choa Chu Kang",EXEC,2000
2018Q2,10,"Ardmore, Bukit Timah, Holland Road, Tanglin",1-RM,0
2018Q2,10,"Ardmore, Bukit Timah, Holland Road, Tanglin",2-RM,0
2018Q2,10,"Ardmore, Bukit Timah, Holland Road, Tanglin",3-RM,0
2018Q2,10,"Ardmore, Bukit Timah, Holland Road, Tanglin",4-RM,0
2018Q2,10,"Ardmore, Bukit Timah, Holland Road, Tanglin",5-RM,0
2018Q2,10,"Ardmore, Bukit Timah, Holland Road, Tanglin",EXEC,0
2018Q2,02,"Anson, Tanjong Pagar",1-RM,0
2018Q2,02,"Anson, Tanjong Pagar",2-RM,0
2018Q2,02,"Anson, Tanjong Pagar",3-RM,2150
2018Q2,02,"Anson, Tanjong Pagar",4-RM,2750
2018Q2,02,"Anson, Tanjong Pagar",5-RM,0
2018Q2,02,"Anson, Tanjong Pagar",EXEC,0
2018Q2,23,"Hillview, Dairy Farm, Bukit Panjang, Choa Chu Kang",1-RM,0
2018Q2,23,"Hillview, Dairy Farm, Bukit Panjang, Choa Chu Kang",2-RM,0
2018Q2,23,"Hillview, Dairy Farm, Bukit Panjang, Choa Chu Kang",3-RM,0
2018Q2,23,"Hillview, Dairy Farm, Bukit Panjang, Choa Chu Kang",4-RM,1800
2018Q2,23,"Hillview, Dairy Farm, Bukit Panjang, Choa Chu Kang",5-RM,1900
2018Q2,23,"Hillview, Dairy Farm, Bukit Panjang, Choa Chu Kang",EXEC,2100
2018Q2,05,"Pasir Panjang, Hong Leong Garden, Clementi New Town",1-RM,0
2018Q2,05,"Pasir Panjang, Hong Leong Garden, Clementi New Town",2-RM,0
2018Q2,05,"Pasir Panjang, Hong Leong Garden, Clementi New Town",3-RM,1890
2018Q2,05,"Pasir Panjang, Hong Leong Garden, Clementi New Town",4-RM,2300
2018Q2,05,"Pasir Panjang, Hong Leong Garden, Clementi New Town",5-RM,2600
2018Q2,05,"Pasir Panjang, Hong Leong Garden, Clementi New Town",EXEC,0
2018Q2,14,"Geylang, Eunos",1-RM,0
2018Q2,14,"Geylang, Eunos",2-RM,0
2018Q2,14,"Geylang, Eunos",3-RM,1800
2018Q2,14,"Geylang, Eunos",4-RM,2250
2018Q2,14,"Geylang, Eunos",5-RM,2450
2018Q2,14,"Geylang, Eunos",EXEC,0
2018Q2,19,"Serangoon Garden, Hougang, Punggo",1-RM,0
2018Q2,19,"Serangoon Garden, Hougang, Punggo",2-RM,0
2018Q2,19,"Serangoon Garden, Hougang, Punggo",3-RM,1600
2018Q2,19,"Serangoon Garden, Hougang, Punggo",4-RM,1900
2018Q2,19,"Serangoon Garden, Hougang, Punggo",5-RM,2100
2018Q2,19,"Serangoon Garden, Hougang, Punggo",EXEC,2250
2018Q2,22,Jurong,1-RM,0
2018Q2,22,Jurong,2-RM,0
2018Q2,22,Jurong,3-RM,1700
2018Q2,22,Jurong,4-RM,2000
2018Q2,22,Jurong,5-RM,2300
2018Q2,22,Jurong,EXEC,2600
2018Q2,22,Jurong,1-RM,0
2018Q2,22,Jurong,2-RM,0
2018Q2,22,Jurong,3-RM,1600
2018Q2,22,Jurong,4-RM,2000
2018Q2,22,Jurong,5-RM,2100
2018Q2,22,Jurong,EXEC,2200
2018Q2,14,"Geylang, Eunos",1-RM,0
2018Q2,14,"Geylang, Eunos",2-RM,0
2018Q2,14,"Geylang, Eunos",3-RM,1900
2018Q2,14,"Geylang, Eunos",4-RM,2400
2018Q2,14,"Geylang, Eunos",5-RM,2600
2018Q2,14,"Geylang, Eunos",EXEC,0
2018Q2,15,"Katong, Joo Chiat, Amber Road",1-RM,0
2018Q2,15,"Katong, Joo Chiat, Amber Road",2-RM,0
2018Q2,15,"Katong, Joo Chiat, Amber Road",3-RM,1800
2018Q2,15,"Katong, Joo Chiat, Amber Road",4-RM,2100
2018Q2,15,"Katong, Joo Chiat, Amber Road",5-RM,0
2018Q2,15,"Katong, Joo Chiat, Amber Road",EXEC,0
2018Q2,18,"Tampines, Pasir Ris",1-RM,0
2018Q2,18,"Tampines, Pasir Ris",2-RM,0
2018Q2,18,"Tampines, Pasir Ris",3-RM,0
2018Q2,18,"Tampines, Pasir Ris",4-RM,1900
2018Q2,18,"Tampines, Pasir Ris",5-RM,2000
2018Q2,18,"Tampines, Pasir Ris",EXEC,2300
2018Q2,19,"Serangoon Garden, Hougang, Punggo",1-RM,0
2018Q2,19,"Serangoon Garden, Hougang, Punggo",2-RM,0
2018Q2,19,"Serangoon Garden, Hougang, Punggo",3-RM,0
2018Q2,19,"Serangoon Garden, Hougang, Punggo",4-RM,1800
2018Q2,19,"Serangoon Garden, Hougang, Punggo",5-RM,1850
2018Q2,19,"Serangoon Garden, Hougang, Punggo",EXEC,0
2018Q2,03,"Queenstown, Tiong Bahru",1-RM,0
2018Q2,03,"Queenstown, Tiong Bahru",2-RM,1400
2018Q2,03,"Queenstown, Tiong Bahru",3-RM,1850
2018Q2,03,"Queenstown, Tiong Bahru",4-RM,2600
2018Q2,03,"Queenstown, Tiong Bahru",5-RM,2800
2018Q2,03,"Queenstown, Tiong Bahru",EXEC,0
2018Q2,27,"Yishun, Sembawang",1-RM,0
2018Q2,27,"Yishun, Sembawang",2-RM,0
2018Q2,27,"Yishun, Sembawang",3-RM,0
2018Q2,27,"Yishun, Sembawang",4-RM,1750
2018Q2,27,"Yishun, Sembawang",5-RM,1900
2018Q2,27,"Yishun, Sembawang",EXEC,2000
2018Q2,19,"Serangoon Garden, Hougang, Punggo",1-RM,0
2018Q2,19,"Serangoon Garden, Hougang, Punggo",2-RM,0
2018Q2,19,"Serangoon Garden, Hougang, Punggo",3-RM,0
2018Q2,19,"Serangoon Garden, Hougang, Punggo",4-RM,1800
2018Q2,19,"Serangoon Garden, Hougang, Punggo",5-RM,1900
2018Q2,19,"Serangoon Garden, Hougang, Punggo",EXEC,2000
2018Q2,12,"Balestier, Toa Payoh, Serangoon",1-RM,0
2018Q2,12,"Balestier, Toa Payoh, Serangoon",2-RM,0
2018Q2,12,"Balestier, Toa Payoh, Serangoon",3-RM,1800
2018Q2,12,"Balestier, Toa Payoh, Serangoon",4-RM,2200
2018Q2,12,"Balestier, Toa Payoh, Serangoon",5-RM,2250
2018Q2,12,"Balestier, Toa Payoh, Serangoon",EXEC,2500
2018Q2,18,"Tampines, Pasir Ris",1-RM,0
2018Q2,18,"Tampines, Pasir Ris",2-RM,0
2018Q2,18,"Tampines, Pasir Ris",3-RM,1700
2018Q2,18,"Tampines, Pasir Ris",4-RM,2000
2018Q2,18,"Tampines, Pasir Ris",5-RM,2200
2018Q2,18,"Tampines, Pasir Ris",EXEC,2400
2018Q2,12,"Balestier, Toa Payoh, Serangoon",1-RM,0
2018Q2,12,"Balestier, Toa Payoh, Serangoon",2-RM,0
2018Q2,12,"Balestier, Toa Payoh, Serangoon",3-RM,1800
2018Q2,12,"Balestier, Toa Payoh, Serangoon",4-RM,2350
2018Q2,12,"Balestier, Toa Payoh, Serangoon",5-RM,2480
2018Q2,12,"Balestier, Toa Payoh, Serangoon",EXEC,0
2018Q2,25,"Kranji, Woodgrove",1-RM,0
2018Q2,25,"Kranji, Woodgrove",2-RM,0
2018Q2,25,"Kranji, Woodgrove",3-RM,1400
2018Q2,25,"Kranji, Woodgrove",4-RM,1700
2018Q2,25,"Kranji, Woodgrove",5-RM,1850
2018Q2,25,"Kranji, Woodgrove",EXEC,2100
2018Q2,27,"Yishun, Sembawang",1-RM,0
2018Q2,27,"Yishun, Sembawang",2-RM,0
2018Q2,27,"Yishun, Sembawang",3-RM,1500
2018Q2,27,"Yishun, Sembawang",4-RM,1900
2018Q2,27,"Yishun, Sembawang",5-RM,2000
2018Q2,27,"Yishun, Sembawang",EXEC,2200
2018Q3,20,"Bishan, Ang Mo Kio",1-RM,0
2018Q3,20,"Bishan, Ang Mo Kio",2-RM,0
2018Q3,20,"Bishan, Ang Mo Kio",3-RM,1700
2018Q3,20,"Bishan, Ang Mo Kio",4-RM,2100
2018Q3,20,"Bishan, Ang Mo Kio",5-RM,2300
2018Q3,20,"Bishan, Ang Mo Kio",EXEC,0
2018Q3,16,"Bedok, Upper East Coast, Eastwood, Kew Drive",1-RM,0
2018Q3,16,"Bedok, Upper East Coast, Eastwood, Kew Drive",2-RM,0
2018Q3,16,"Bedok, Upper East Coast, Eastwood, Kew Drive",3-RM,1700
2018Q3,16,"Bedok, Upper East Coast, Eastwood, Kew Drive",4-RM,2000
2018Q3,16,"Bedok, Upper East Coast, Eastwood, Kew Drive",5-RM,2200
2018Q3,16,"Bedok, Upper East Coast, Eastwood, Kew Drive",EXEC,0
2018Q3,20,"Bishan, Ang Mo Kio",1-RM,0
2018Q3,20,"Bishan, Ang Mo Kio",2-RM,0
2018Q3,20,"Bishan, Ang Mo Kio",3-RM,1850
2018Q3,20,"Bishan, Ang Mo Kio",4-RM,2200
2018Q3,20,"Bishan, Ang Mo Kio",5-RM,2500
2018Q3,20,"Bishan, Ang Mo Kio",EXEC,0
2018Q3,23,"Hillview, Dairy Farm, Bukit Panjang, Choa Chu Kang",1-RM,0
2018Q3,23,"Hillview, Dairy Farm, Bukit Panjang, Choa Chu Kang",2-RM,0
2018Q3,23,"Hillview, Dairy Farm, Bukit Panjang, Choa Chu Kang",3-RM,1600
2018Q3,23,"Hillview, Dairy Farm, Bukit Panjang, Choa Chu Kang",4-RM,1900
2018Q3,23,"Hillview, Dairy Farm, Bukit Panjang, Choa Chu Kang",5-RM,2000
2018Q3,23,"Hillview, Dairy Farm, Bukit Panjang, Choa Chu Kang",EXEC,2100
2018Q3,04,"Telok Blangah, Harbourfront",1-RM,0
2018Q3,04,"Telok Blangah, Harbourfront",2-RM,0
2018Q3,04,"Telok Blangah, Harbourfront",3-RM,1900
2018Q3,04,"Telok Blangah, Harbourfront",4-RM,2550
2018Q3,04,"Telok Blangah, Harbourfront",5-RM,2750
2018Q3,04,"Telok Blangah, Harbourfront",EXEC,0
2018Q3,23,"Hillview, Dairy Farm, Bukit Panjang, Choa Chu Kang",1-RM,0
2018Q3,23,"Hillview, Dairy Farm, Bukit Panjang, Choa Chu Kang",2-RM,0
2018Q3,23,"Hillview, Dairy Farm, Bukit Panjang, Choa Chu Kang",3-RM,1500
2018Q3,23,"Hillview, Dairy Farm, Bukit Panjang, Choa Chu Kang",4-RM,1700
2018Q3,23,"Hillview, Dairy Farm, Bukit Panjang, Choa Chu Kang",5-RM,1800
2018Q3,23,"Hillview, Dairy Farm, Bukit Panjang, Choa Chu Kang",EXEC,2000
2018Q3,10,"Ardmore, Bukit Timah, Holland Road, Tanglin",1-RM,0
2018Q3,10,"Ardmore, Bukit Timah, Holland Road, Tanglin",2-RM,0
2018Q3,10,"Ardmore, Bukit Timah, Holland Road, Tanglin",3-RM,0
2018Q3,10,"Ardmore, Bukit Timah, Holland Road, Tanglin",4-RM,0
2018Q3,10,"Ardmore, Bukit Timah, Holland Road, Tanglin",5-RM,0
2018Q3,10,"Ardmore, Bukit Timah, Holland Road, Tanglin",EXEC,0
2018Q3,02,"Anson, Tanjong Pagar",1-RM,0
2018Q3,02,"Anson, Tanjong Pagar",2-RM,0
2018Q3,02,"Anson, Tanjong Pagar",3-RM,2100
2018Q3,02,"Anson, Tanjong Pagar",4-RM,2500
2018Q3,02,"Anson, Tanjong Pagar",5-RM,0
2018Q3,02,"Anson, Tanjong Pagar",EXEC,0
2018Q3,23,"Hillview, Dairy Farm, Bukit Panjang, Choa Chu Kang",1-RM,0
2018Q3,23,"Hillview, Dairy Farm, Bukit Panjang, Choa Chu Kang",2-RM,0
2018Q3,23,"Hillview, Dairy Farm, Bukit Panjang, Choa Chu Kang",3-RM,1530
2018Q3,23,"Hillview, Dairy Farm, Bukit Panjang, Choa Chu Kang",4-RM,1750
2018Q3,23,"Hillview, Dairy Farm, Bukit Panjang, Choa Chu Kang",5-RM,1850
2018Q3,23,"Hillview, Dairy Farm, Bukit Panjang, Choa Chu Kang",EXEC,2000
2018Q3,05,"Pasir Panjang, Hong Leong Garden, Clementi New Town",1-RM,0
2018Q3,05,"Pasir Panjang, Hong Leong Garden, Clementi New Town",2-RM,0
2018Q3,05,"Pasir Panjang, Hong Leong Garden, Clementi New Town",3-RM,1800
2018Q3,05,"Pasir Panjang, Hong Leong Garden, Clementi New Town",4-RM,2400
2018Q3,05,"Pasir Panjang, Hong Leong Garden, Clementi New Town",5-RM,2580
2018Q3,05,"Pasir Panjang, Hong Leong Garden, Clementi New Town",EXEC,0
2018Q3,14,"Geylang, Eunos",1-RM,0
2018Q3,14,"Geylang, Eunos",2-RM,0
2018Q3,14,"Geylang, Eunos",3-RM,1800
2018Q3,14,"Geylang, Eunos",4-RM,2300
2018Q3,14,"Geylang, Eunos",5-RM,2500
2018Q3,14,"Geylang, Eunos",EXEC,0
2018Q3,19,"Serangoon Garden, Hougang, Punggo",1-RM,0
2018Q3,19,"Serangoon Garden, Hougang, Punggo",2-RM,0
2018Q3,19,"Serangoon Garden, Hougang, Punggo",3-RM,1600
2018Q3,19,"Serangoon Garden, Hougang, Punggo",4-RM,1900
2018Q3,19,"Serangoon Garden, Hougang, Punggo",5-RM,2100
2018Q3,19,"Serangoon Garden, Hougang, Punggo",EXEC,2300
2018Q3,22,Jurong,1-RM,0
2018Q3,22,Jurong,2-RM,0
2018Q3,22,Jurong,3-RM,1700
2018Q3,22,Jurong,4-RM,2000
2018Q3,22,Jurong,5-RM,2200
2018Q3,22,Jurong,EXEC,0
2018Q3,22,Jurong,1-RM,0
2018Q3,22,Jurong,2-RM,0
2018Q3,22,Jurong,3-RM,1600
2018Q3,22,Jurong,4-RM,2000
2018Q3,22,Jurong,5-RM,2150
2018Q3,22,Jurong,EXEC,2300
2018Q3,14,"Geylang, Eunos",1-RM,0
2018Q3,14,"Geylang, Eunos",2-RM,0
2018Q3,14,"Geylang, Eunos",3-RM,1900
2018Q3,14,"Geylang, Eunos",4-RM,2400
2018Q3,14,"Geylang, Eunos",5-RM,2600
2018Q3,14,"Geylang, Eunos",EXEC,0
2018Q3,15,"Katong, Joo Chiat, Amber Road",1-RM,0
2018Q3,15,"Katong, Joo Chiat, Amber Road",2-RM,0
2018Q3,15,"Katong, Joo Chiat, Amber Road",3-RM,1800
2018Q3,15,"Katong, Joo Chiat, Amber Road",4-RM,2200
2018Q3,15,"Katong, Joo Chiat, Amber Road",5-RM,0
2018Q3,15,"Katong, Joo Chiat, Amber Road",EXEC,0
2018Q3,18,"Tampines, Pasir Ris",1-RM,0
2018Q3,18,"Tampines, Pasir Ris",2-RM,0
2018Q3,18,"Tampines, Pasir Ris",3-RM,0
2018Q3,18,"Tampines, Pasir Ris",4-RM,1900
2018Q3,18,"Tampines, Pasir Ris",5-RM,2100
2018Q3,18,"Tampines, Pasir Ris",EXEC,2250
2018Q3,19,"Serangoon Garden, Hougang, Punggo",1-RM,0
2018Q3,19,"Serangoon Garden, Hougang, Punggo",2-RM,0
2018Q3,19,"Serangoon Garden, Hougang, Punggo",3-RM,0
2018Q3,19,"Serangoon Garden, Hougang, Punggo",4-RM,1850
2018Q3,19,"Serangoon Garden, Hougang, Punggo",5-RM,1850
2018Q3,19,"Serangoon Garden, Hougang, Punggo",EXEC,0
2018Q3,03,"Queenstown, Tiong Bahru",1-RM,0
2018Q3,03,"Queenstown, Tiong Bahru",2-RM,1400
2018Q3,03,"Queenstown, Tiong Bahru",3-RM,1900
2018Q3,03,"Queenstown, Tiong Bahru",4-RM,2500
2018Q3,03,"Queenstown, Tiong Bahru",5-RM,2800
2018Q3,03,"Queenstown, Tiong Bahru",EXEC,0
2018Q3,27,"Yishun, Sembawang",1-RM,0
2018Q3,27,"Yishun, Sembawang",2-RM,0
2018Q3,27,"Yishun, Sembawang",3-RM,0
2018Q3,27,"Yishun, Sembawang",4-RM,1750
2018Q3,27,"Yishun, Sembawang",5-RM,1900
2018Q3,27,"Yishun, Sembawang",EXEC,1950
2018Q3,19,"Serangoon Garden, Hougang, Punggo",1-RM,0
2018Q3,19,"Serangoon Garden, Hougang, Punggo",2-RM,0
2018Q3,19,"Serangoon Garden, Hougang, Punggo",3-RM,0
2018Q3,19,"Serangoon Garden, Hougang, Punggo",4-RM,1800
2018Q3,19,"Serangoon Garden, Hougang, Punggo",5-RM,1900
2018Q3,19,"Serangoon Garden, Hougang, Punggo",EXEC,2000
2018Q3,12,"Balestier, Toa Payoh, Serangoon",1-RM,0
2018Q3,12,"Balestier, Toa Payoh, Serangoon",2-RM,0
2018Q3,12,"Balestier, Toa Payoh, Serangoon",3-RM,1800
2018Q3,12,"Balestier, Toa Payoh, Serangoon",4-RM,2200
2018Q3,12,"Balestier, Toa Payoh, Serangoon",5-RM,2300
2018Q3,12,"Balestier, Toa Payoh, Serangoon",EXEC,0
2018Q3,18,"Tampines, Pasir Ris",1-RM,0
2018Q3,18,"Tampines, Pasir Ris",2-RM,0
2018Q3,18,"Tampines, Pasir Ris",3-RM,1700
2018Q3,18,"Tampines, Pasir Ris",4-RM,2000
2018Q3,18,"Tampines, Pasir Ris",5-RM,2200
2018Q3,18,"Tampines, Pasir Ris",EXEC,2300
2018Q3,12,"Balestier, Toa Payoh, Serangoon",1-RM,0
2018Q3,12,"Balestier, Toa Payoh, Serangoon",2-RM,0
2018Q3,12,"Balestier, Toa Payoh, Serangoon",3-RM,1800
2018Q3,12,"Balestier, Toa Payoh, Serangoon",4-RM,2200
2018Q3,12,"Balestier, Toa Payoh, Serangoon",5-RM,2500
2018Q3,12,"Balestier, Toa Payoh, Serangoon",EXEC,0
2018Q3,25,"Kranji, Woodgrove",1-RM,0
2018Q3,25,"Kranji, Woodgrove",2-RM,0
2018Q3,25,"Kranji, Woodgrove",3-RM,1400
2018Q3,25,"Kranji, Woodgrove",4-RM,1700
2018Q3,25,"Kranji, Woodgrove",5-RM,1800
2018Q3,25,"Kranji, Woodgrove",EXEC,2000
2018Q3,27,"Yishun, Sembawang",1-RM,0
2018Q3,27,"Yishun, Sembawang",2-RM,0
2018Q3,27,"Yishun, Sembawang",3-RM,1550
2018Q3,27,"Yishun, Sembawang",4-RM,1800
2018Q3,27,"Yishun, Sembawang",5-RM,2000
2018Q3,27,"Yishun, Sembawang",EXEC,2100
2018Q4,20,"Bishan, Ang Mo Kio",1-RM,0
2018Q4,20,"Bishan, Ang Mo Kio",2-RM,0
2018Q4,20,"Bishan, Ang Mo Kio",3-RM,1700
2018Q4,20,"Bishan, Ang Mo Kio",4-RM,2100
2018Q4,20,"Bishan, Ang Mo Kio",5-RM,2230
2018Q4,20,"Bishan, Ang Mo Kio",EXEC,0
2018Q4,16,"Bedok, Upper East Coast, Eastwood, Kew Drive",1-RM,0
2018Q4,16,"Bedok, Upper East Coast, Eastwood, Kew Drive",2-RM,0
2018Q4,16,"Bedok, Upper East Coast, Eastwood, Kew Drive",3-RM,1700
2018Q4,16,"Bedok, Upper East Coast, Eastwood, Kew Drive",4-RM,2000
2018Q4,16,"Bedok, Upper East Coast, Eastwood, Kew Drive",5-RM,2200
2018Q4,16,"Bedok, Upper East Coast, Eastwood, Kew Drive",EXEC,2500
2018Q4,20,"Bishan, Ang Mo Kio",1-RM,0
2018Q4,20,"Bishan, Ang Mo Kio",2-RM,0
2018Q4,20,"Bishan, Ang Mo Kio",3-RM,1800
2018Q4,20,"Bishan, Ang Mo Kio",4-RM,2300
2018Q4,20,"Bishan, Ang Mo Kio",5-RM,2500
2018Q4,20,"Bishan, Ang Mo Kio",EXEC,0
2018Q4,23,"Hillview, Dairy Farm, Bukit Panjang, Choa Chu Kang",1-RM,0
2018Q4,23,"Hillview, Dairy Farm, Bukit Panjang, Choa Chu Kang",2-RM,0
2018Q4,23,"Hillview, Dairy Farm, Bukit Panjang, Choa Chu Kang",3-RM,1600
2018Q4,23,"Hillview, Dairy Farm, Bukit Panjang, Choa Chu Kang",4-RM,1900
2018Q4,23,"Hillview, Dairy Farm, Bukit Panjang, Choa Chu Kang",5-RM,2100
2018Q4,23,"Hillview, Dairy Farm, Bukit Panjang, Choa Chu Kang",EXEC,2100
2018Q4,04,"Telok Blangah, Harbourfront",1-RM,0
2018Q4,04,"Telok Blangah, Harbourfront",2-RM,1600
2018Q4,04,"Telok Blangah, Harbourfront",3-RM,1900
2018Q4,04,"Telok Blangah, Harbourfront",4-RM,2500
2018Q4,04,"Telok Blangah, Harbourfront",5-RM,2700
2018Q4,04,"Telok Blangah, Harbourfront",EXEC,0
2018Q4,23,"Hillview, Dairy Farm, Bukit Panjang, Choa Chu Kang",1-RM,0
2018Q4,23,"Hillview, Dairy Farm, Bukit Panjang, Choa Chu Kang",2-RM,0
2018Q4,23,"Hillview, Dairy Farm, Bukit Panjang, Choa Chu Kang",3-RM,1500
2018Q4,23,"Hillview, Dairy Farm, Bukit Panjang, Choa Chu Kang",4-RM,1700
2018Q4,23,"Hillview, Dairy Farm, Bukit Panjang, Choa Chu Kang",5-RM,1800
2018Q4,23,"Hillview, Dairy Farm, Bukit Panjang, Choa Chu Kang",EXEC,2000
2018Q4,10,"Ardmore, Bukit Timah, Holland Road, Tanglin",1-RM,0
2018Q4,10,"Ardmore, Bukit Timah, Holland Road, Tanglin",2-RM,0
2018Q4,10,"Ardmore, Bukit Timah, Holland Road, Tanglin",3-RM,0
2018Q4,10,"Ardmore, Bukit Timah, Holland Road, Tanglin",4-RM,0
2018Q4,10,"Ardmore, Bukit Timah, Holland Road, Tanglin",5-RM,0
2018Q4,10,"Ardmore, Bukit Timah, Holland Road, Tanglin",EXEC,0
2018Q4,02,"Anson, Tanjong Pagar",1-RM,0
2018Q4,02,"Anson, Tanjong Pagar",2-RM,0
2018Q4,02,"Anson, Tanjong Pagar",3-RM,2100
2018Q4,02,"Anson, Tanjong Pagar",4-RM,2600
2018Q4,02,"Anson, Tanjong Pagar",5-RM,0
2018Q4,02,"Anson, Tanjong Pagar",EXEC,0
2018Q4,23,"Hillview, Dairy Farm, Bukit Panjang, Choa Chu Kang",1-RM,0
2018Q4,23,"Hillview, Dairy Farm, Bukit Panjang, Choa Chu Kang",2-RM,0
2018Q4,23,"Hillview, Dairy Farm, Bukit Panjang, Choa Chu Kang",3-RM,0
2018Q4,23,"Hillview, Dairy Farm, Bukit Panjang, Choa Chu Kang",4-RM,1700
2018Q4,23,"Hillview, Dairy Farm, Bukit Panjang, Choa Chu Kang",5-RM,1800
2018Q4,23,"Hillview, Dairy Farm, Bukit Panjang, Choa Chu Kang",EXEC,2000
2018Q4,05,"Pasir Panjang, Hong Leong Garden, Clementi New Town",1-RM,0
2018Q4,05,"Pasir Panjang, Hong Leong Garden, Clementi New Town",2-RM,0
2018Q4,05,"Pasir Panjang, Hong Leong Garden, Clementi New Town",3-RM,1800
2018Q4,05,"Pasir Panjang, Hong Leong Garden, Clementi New Town",4-RM,2300
2018Q4,05,"Pasir Panjang, Hong Leong Garden, Clementi New Town",5-RM,2500
2018Q4,05,"Pasir Panjang, Hong Leong Garden, Clementi New Town",EXEC,0
2018Q4,14,"Geylang, Eunos",1-RM,0
2018Q4,14,"Geylang, Eunos",2-RM,0
2018Q4,14,"Geylang, Eunos",3-RM,1750
2018Q4,14,"Geylang, Eunos",4-RM,2300
2018Q4,14,"Geylang, Eunos",5-RM,2500
2018Q4,14,"Geylang, Eunos",EXEC,0
2018Q4,19,"Serangoon Garden, Hougang, Punggo",1-RM,0
2018Q4,19,"Serangoon Garden, Hougang, Punggo",2-RM,0
2018Q4,19,"Serangoon Garden, Hougang, Punggo",3-RM,1600
2018Q4,19,"Serangoon Garden, Hougang, Punggo",4-RM,1900
2018Q4,19,"Serangoon Garden, Hougang, Punggo",5-RM,2030
2018Q4,19,"Serangoon Garden, Hougang, Punggo",EXEC,2200
2018Q4,22,Jurong,1-RM,0
2018Q4,22,Jurong,2-RM,0
2018Q4,22,Jurong,3-RM,1680
2018Q4,22,Jurong,4-RM,2000
2018Q4,22,Jurong,5-RM,2250
2018Q4,22,Jurong,EXEC,2500
2018Q4,22,Jurong,1-RM,0
2018Q4,22,Jurong,2-RM,0
2018Q4,22,Jurong,3-RM,1600
2018Q4,22,Jurong,4-RM,2000
2018Q4,22,Jurong,5-RM,2200
2018Q4,22,Jurong,EXEC,2200
2018Q4,14,"Geylang, Eunos",1-RM,0
2018Q4,14,"Geylang, Eunos",2-RM,0
2018Q4,14,"Geylang, Eunos",3-RM,1900
2018Q4,14,"Geylang, Eunos",4-RM,2400
2018Q4,14,"Geylang, Eunos",5-RM,2500
2018Q4,14,"Geylang, Eunos",EXEC,0
2018Q4,15,"Katong, Joo Chiat, Amber Road",1-RM,0
2018Q4,15,"Katong, Joo Chiat, Amber Road",2-RM,0
2018Q4,15,"Katong, Joo Chiat, Amber Road",3-RM,1800
2018Q4,15,"Katong, Joo Chiat, Amber Road",4-RM,2100
2018Q4,15,"Katong, Joo Chiat, Amber Road",5-RM,0
2018Q4,15,"Katong, Joo Chiat, Amber Road",EXEC,0
2018Q4,18,"Tampines, Pasir Ris",1-RM,0
2018Q4,18,"Tampines, Pasir Ris",2-RM,0
2018Q4,18,"Tampines, Pasir Ris",3-RM,0
2018Q4,18,"Tampines, Pasir Ris",4-RM,1950
2018Q4,18,"Tampines, Pasir Ris",5-RM,2000
2018Q4,18,"Tampines, Pasir Ris",EXEC,2200
2018Q4,19,"Serangoon Garden, Hougang, Punggo",1-RM,0
2018Q4,19,"Serangoon Garden, Hougang, Punggo",2-RM,0
2018Q4,19,"Serangoon Garden, Hougang, Punggo",3-RM,0
2018Q4,19,"Serangoon Garden, Hougang, Punggo",4-RM,1800
2018Q4,19,"Serangoon Garden, Hougang, Punggo",5-RM,1900
2018Q4,19,"Serangoon Garden, Hougang, Punggo",EXEC,2000
2018Q4,03,"Queenstown, Tiong Bahru",1-RM,0
2018Q4,03,"Queenstown, Tiong Bahru",2-RM,1380
2018Q4,03,"Queenstown, Tiong Bahru",3-RM,1900
2018Q4,03,"Queenstown, Tiong Bahru",4-RM,2500
2018Q4,03,"Queenstown, Tiong Bahru",5-RM,2800
2018Q4,03,"Queenstown, Tiong Bahru",EXEC,0
2018Q4,27,"Yishun, Sembawang",1-RM,0
2018Q4,27,"Yishun, Sembawang",2-RM,0
2018Q4,27,"Yishun, Sembawang",3-RM,0
2018Q4,27,"Yishun, Sembawang",4-RM,1750
2018Q4,27,"Yishun, Sembawang",5-RM,1900
2018Q4,27,"Yishun, Sembawang",EXEC,2000
2018Q4,19,"Serangoon Garden, Hougang, Punggo",1-RM,0
2018Q4,19,"Serangoon Garden, Hougang, Punggo",2-RM,0
2018Q4,19,"Serangoon Garden, Hougang, Punggo",3-RM,0
2018Q4,19,"Serangoon Garden, Hougang, Punggo",4-RM,1800
2018Q4,19,"Serangoon Garden, Hougang, Punggo",5-RM,1900
2018Q4,19,"Serangoon Garden, Hougang, Punggo",EXEC,2000
2018Q4,12,"Balestier, Toa Payoh, Serangoon",1-RM,0
2018Q4,12,"Balestier, Toa Payoh, Serangoon",2-RM,0
2018Q4,12,"Balestier, Toa Payoh, Serangoon",3-RM,1800
2018Q4,12,"Balestier, Toa Payoh, Serangoon",4-RM,2140
2018Q4,12,"Balestier, Toa Payoh, Serangoon",5-RM,2200
2018Q4,12,"Balestier, Toa Payoh, Serangoon",EXEC,2350
2018Q4,18,"Tampines, Pasir Ris",1-RM,0
2018Q4,18,"Tampines, Pasir Ris",2-RM,0
2018Q4,18,"Tampines, Pasir Ris",3-RM,1700
2018Q4,18,"Tampines, Pasir Ris",4-RM,2000
2018Q4,18,"Tampines, Pasir Ris",5-RM,2200
2018Q4,18,"Tampines, Pasir Ris",EXEC,2400
2018Q4,12,"Balestier, Toa Payoh, Serangoon",1-RM,0
2018Q4,12,"Balestier, Toa Payoh, Serangoon",2-RM,0
2018Q4,12,"Balestier, Toa Payoh, Serangoon",3-RM,1800
2018Q4,12,"Balestier, Toa Payoh, Serangoon",4-RM,2300
2018Q4,12,"Balestier, Toa Payoh, Serangoon",5-RM,2500
2018Q4,12,"Balestier, Toa Payoh, Serangoon",EXEC,0
2018Q4,25,"Kranji, Woodgrove",1-RM,0
2018Q4,25,"Kranji, Woodgrove",2-RM,0
2018Q4,25,"Kranji, Woodgrove",3-RM,1400
2018Q4,25,"Kranji, Woodgrove",4-RM,1700
2018Q4,25,"Kranji, Woodgrove",5-RM,1800
2018Q4,25,"Kranji, Woodgrove",EXEC,2050
2018Q4,27,"Yishun, Sembawang",1-RM,0
2018Q4,27,"Yishun, Sembawang",2-RM,0
2018Q4,27,"Yishun, Sembawang",3-RM,1550
2018Q4,27,"Yishun, Sembawang",4-RM,1800
2018Q4,27,"Yishun, Sembawang",5-RM,2000
2018Q4,27,"Yishun, Sembawang",EXEC,2010
2019Q1,20,"Bishan, Ang Mo Kio",1-RM,0
2019Q1,20,"Bishan, Ang Mo Kio",2-RM,0
2019Q1,20,"Bishan, Ang Mo Kio",3-RM,1700
2019Q1,20,"Bishan, Ang Mo Kio",4-RM,2100
2019Q1,20,"Bishan, Ang Mo Kio",5-RM,2300
2019Q1,20,"Bishan, Ang Mo Kio",EXEC,0
2019Q1,16,"Bedok, Upper East Coast, Eastwood, Kew Drive",1-RM,0
2019Q1,16,"Bedok, Upper East Coast, Eastwood, Kew Drive",2-RM,0
2019Q1,16,"Bedok, Upper East Coast, Eastwood, Kew Drive",3-RM,1700
2019Q1,16,"Bedok, Upper East Coast, Eastwood, Kew Drive",4-RM,2000
2019Q1,16,"Bedok, Upper East Coast, Eastwood, Kew Drive",5-RM,2250
2019Q1,16,"Bedok, Upper East Coast, Eastwood, Kew Drive",EXEC,2400
2019Q1,20,"Bishan, Ang Mo Kio",1-RM,0
2019Q1,20,"Bishan, Ang Mo Kio",2-RM,0
2019Q1,20,"Bishan, Ang Mo Kio",3-RM,1800
2019Q1,20,"Bishan, Ang Mo Kio",4-RM,2200
2019Q1,20,"Bishan, Ang Mo Kio",5-RM,2500
2019Q1,20,"Bishan, Ang Mo Kio",EXEC,0
2019Q1,23,"Hillview, Dairy Farm, Bukit Panjang, Choa Chu Kang",1-RM,0
2019Q1,23,"Hillview, Dairy Farm, Bukit Panjang, Choa Chu Kang",2-RM,0
2019Q1,23,"Hillview, Dairy Farm, Bukit Panjang, Choa Chu Kang",3-RM,1600
2019Q1,23,"Hillview, Dairy Farm, Bukit Panjang, Choa Chu Kang",4-RM,1900
2019Q1,23,"Hillview, Dairy Farm, Bukit Panjang, Choa Chu Kang",5-RM,2100
2019Q1,23,"Hillview, Dairy Farm, Bukit Panjang, Choa Chu Kang",EXEC,2200
2019Q1,04,"Telok Blangah, Harbourfront",1-RM,0
2019Q1,04,"Telok Blangah, Harbourfront",2-RM,1600
2019Q1,04,"Telok Blangah, Harbourfront",3-RM,1900
2019Q1,04,"Telok Blangah, Harbourfront",4-RM,2500
2019Q1,04,"Telok Blangah, Harbourfront",5-RM,2800
2019Q1,04,"Telok Blangah, Harbourfront",EXEC,0
2019Q1,23,"Hillview, Dairy Farm, Bukit Panjang, Choa Chu Kang",1-RM,0
2019Q1,23,"Hillview, Dairy Farm, Bukit Panjang, Choa Chu Kang",2-RM,0
2019Q1,23,"Hillview, Dairy Farm, Bukit Panjang, Choa Chu Kang",3-RM,1500
2019Q1,23,"Hillview, Dairy Farm, Bukit Panjang, Choa Chu Kang",4-RM,1700
2019Q1,23,"Hillview, Dairy Farm, Bukit Panjang, Choa Chu Kang",5-RM,1900
2019Q1,23,"Hillview, Dairy Farm, Bukit Panjang, Choa Chu Kang",EXEC,2000
2019Q1,10,"Ardmore, Bukit Timah, Holland Road, Tanglin",1-RM,0
2019Q1,10,"Ardmore, Bukit Timah, Holland Road, Tanglin",2-RM,0
2019Q1,10,"Ardmore, Bukit Timah, Holland Road, Tanglin",3-RM,0
2019Q1,10,"Ardmore, Bukit Timah, Holland Road, Tanglin",4-RM,0
2019Q1,10,"Ardmore, Bukit Timah, Holland Road, Tanglin",5-RM,0
2019Q1,10,"Ardmore, Bukit Timah, Holland Road, Tanglin",EXEC,0
2019Q1,02,"Anson, Tanjong Pagar",1-RM,0
2019Q1,02,"Anson, Tanjong Pagar",2-RM,0
2019Q1,02,"Anson, Tanjong Pagar",3-RM,2150
2019Q1,02,"Anson, Tanjong Pagar",4-RM,2700
2019Q1,02,"Anson, Tanjong Pagar",5-RM,0
2019Q1,02,"Anson, Tanjong Pagar",EXEC,0
2019Q1,23,"Hillview, Dairy Farm, Bukit Panjang, Choa Chu Kang",1-RM,0
2019Q1,23,"Hillview, Dairy Farm, Bukit Panjang, Choa Chu Kang",2-RM,0
2019Q1,23,"Hillview, Dairy Farm, Bukit Panjang, Choa Chu Kang",3-RM,0
2019Q1,23,"Hillview, Dairy Farm, Bukit Panjang, Choa Chu Kang",4-RM,1700
2019Q1,23,"Hillview, Dairy Farm, Bukit Panjang, Choa Chu Kang",5-RM,1800
2019Q1,23,"Hillview, Dairy Farm, Bukit Panjang, Choa Chu Kang",EXEC,2000
2019Q1,05,"Pasir Panjang, Hong Leong Garden, Clementi New Town",1-RM,0
2019Q1,05,"Pasir Panjang, Hong Leong Garden, Clementi New Town",2-RM,0
2019Q1,05,"Pasir Panjang, Hong Leong Garden, Clementi New Town",3-RM,1800
2019Q1,05,"Pasir Panjang, Hong Leong Garden, Clementi New Town",4-RM,2300
2019Q1,05,"Pasir Panjang, Hong Leong Garden, Clementi New Town",5-RM,2580
2019Q1,05,"Pasir Panjang, Hong Leong Garden, Clementi New Town",EXEC,0
2019Q1,14,"Geylang, Eunos",1-RM,0
2019Q1,14,"Geylang, Eunos",2-RM,0
2019Q1,14,"Geylang, Eunos",3-RM,1800
2019Q1,14,"Geylang, Eunos",4-RM,2300
2019Q1,14,"Geylang, Eunos",5-RM,2500
2019Q1,14,"Geylang, Eunos",EXEC,0
2019Q1,19,"Serangoon Garden, Hougang, Punggo",1-RM,0
2019Q1,19,"Serangoon Garden, Hougang, Punggo",2-RM,0
2019Q1,19,"Serangoon Garden, Hougang, Punggo",3-RM,1600
2019Q1,19,"Serangoon Garden, Hougang, Punggo",4-RM,1900
2019Q1,19,"Serangoon Garden, Hougang, Punggo",5-RM,2050
2019Q1,19,"Serangoon Garden, Hougang, Punggo",EXEC,2250
2019Q1,22,Jurong,1-RM,0
2019Q1,22,Jurong,2-RM,0
2019Q1,22,Jurong,3-RM,1700
2019Q1,22,Jurong,4-RM,2030
2019Q1,22,Jurong,5-RM,2300
2019Q1,22,Jurong,EXEC,2500
2019Q1,22,Jurong,1-RM,0
2019Q1,22,Jurong,2-RM,0
2019Q1,22,Jurong,3-RM,1600
2019Q1,22,Jurong,4-RM,1950
2019Q1,22,Jurong,5-RM,2100
2019Q1,22,Jurong,EXEC,2250
2019Q1,14,"Geylang, Eunos",1-RM,0
2019Q1,14,"Geylang, Eunos",2-RM,0
2019Q1,14,"Geylang, Eunos",3-RM,1850
2019Q1,14,"Geylang, Eunos",4-RM,2400
2019Q1,14,"Geylang, Eunos",5-RM,2600
2019Q1,14,"Geylang, Eunos",EXEC,0
2019Q1,15,"Katong, Joo Chiat, Amber Road",1-RM,0
2019Q1,15,"Katong, Joo Chiat, Amber Road",2-RM,0
2019Q1,15,"Katong, Joo Chiat, Amber Road",3-RM,1850
2019Q1,15,"Katong, Joo Chiat, Amber Road",4-RM,2100
2019Q1,15,"Katong, Joo Chiat, Amber Road",5-RM,2500
2019Q1,15,"Katong, Joo Chiat, Amber Road",EXEC,0
2019Q1,18,"Tampines, Pasir Ris",1-RM,0
2019Q1,18,"Tampines, Pasir Ris",2-RM,0
2019Q1,18,"Tampines, Pasir Ris",3-RM,0
2019Q1,18,"Tampines, Pasir Ris",4-RM,2000
2019Q1,18,"Tampines, Pasir Ris",5-RM,2100
2019Q1,18,"Tampines, Pasir Ris",EXEC,2250
2019Q1,19,"Serangoon Garden, Hougang, Punggo",1-RM,0
2019Q1,19,"Serangoon Garden, Hougang, Punggo",2-RM,0
2019Q1,19,"Serangoon Garden, Hougang, Punggo",3-RM,0
2019Q1,19,"Serangoon Garden, Hougang, Punggo",4-RM,1800
2019Q1,19,"Serangoon Garden, Hougang, Punggo",5-RM,1900
2019Q1,19,"Serangoon Garden, Hougang, Punggo",EXEC,0
2019Q1,03,"Queenstown, Tiong Bahru",1-RM,0
2019Q1,03,"Queenstown, Tiong Bahru",2-RM,1400
2019Q1,03,"Queenstown, Tiong Bahru",3-RM,1900
2019Q1,03,"Queenstown, Tiong Bahru",4-RM,2500
2019Q1,03,"Queenstown, Tiong Bahru",5-RM,2800
2019Q1,03,"Queenstown, Tiong Bahru",EXEC,0
2019Q1,27,"Yishun, Sembawang",1-RM,0
2019Q1,27,"Yishun, Sembawang",2-RM,0
2019Q1,27,"Yishun, Sembawang",3-RM,0
2019Q1,27,"Yishun, Sembawang",4-RM,1800
2019Q1,27,"Yishun, Sembawang",5-RM,1900
2019Q1,27,"Yishun, Sembawang",EXEC,2000
2019Q1,19,"Serangoon Garden, Hougang, Punggo",1-RM,0
2019Q1,19,"Serangoon Garden, Hougang, Punggo",2-RM,0
2019Q1,19,"Serangoon Garden, Hougang, Punggo",3-RM,0
2019Q1,19,"Serangoon Garden, Hougang, Punggo",4-RM,1850
2019Q1,19,"Serangoon Garden, Hougang, Punggo",5-RM,1900
2019Q1,19,"Serangoon Garden, Hougang, Punggo",EXEC,2000
2019Q1,12,"Balestier, Toa Payoh, Serangoon",1-RM,0
2019Q1,12,"Balestier, Toa Payoh, Serangoon",2-RM,0
2019Q1,12,"Balestier, Toa Payoh, Serangoon",3-RM,1800
2019Q1,12,"Balestier, Toa Payoh, Serangoon",4-RM,2200
2019Q1,12,"Balestier, Toa Payoh, Serangoon",5-RM,2250
2019Q1,12,"Balestier, Toa Payoh, Serangoon",EXEC,0
2019Q1,18,"Tampines, Pasir Ris",1-RM,0
2019Q1,18,"Tampines, Pasir Ris",2-RM,0
2019Q1,18,"Tampines, Pasir Ris",3-RM,1700
2019Q1,18,"Tampines, Pasir Ris",4-RM,2000
2019Q1,18,"Tampines, Pasir Ris",5-RM,2200
2019Q1,18,"Tampines, Pasir Ris",EXEC,2400
2019Q1,12,"Balestier, Toa Payoh, Serangoon",1-RM,0
2019Q1,12,"Balestier, Toa Payoh, Serangoon",2-RM,0
2019Q1,12,"Balestier, Toa Payoh, Serangoon",3-RM,1800
2019Q1,12,"Balestier, Toa Payoh, Serangoon",4-RM,2250
2019Q1,12,"Balestier, Toa Payoh, Serangoon",5-RM,2500
2019Q1,12,"Balestier, Toa Payoh, Serangoon",EXEC,0
2019Q1,25,"Kranji, Woodgrove",1-RM,0
2019Q1,25,"Kranji, Woodgrove",2-RM,0
2019Q1,25,"Kranji, Woodgrove",3-RM,1400
2019Q1,25,"Kranji, Woodgrove",4-RM,1750
2019Q1,25,"Kranji, Woodgrove",5-RM,1800
2019Q1,25,"Kranji, Woodgrove",EXEC,2100
2019Q1,27,"Yishun, Sembawang",1-RM,0
2019Q1,27,"Yishun, Sembawang",2-RM,0
2019Q1,27,"Yishun, Sembawang",3-RM,1550
2019Q1,27,"Yishun, Sembawang",4-RM,1800
2019Q1,27,"Yishun, Sembawang",5-RM,2000
2019Q1,27,"Yishun, Sembawang",EXEC,2100
2019Q2,20,"Bishan, Ang Mo Kio",1-RM,0
2019Q2,20,"Bishan, Ang Mo Kio",2-RM,0
2019Q2,20,"Bishan, Ang Mo Kio",3-RM,1700
2019Q2,20,"Bishan, Ang Mo Kio",4-RM,2100
2019Q2,20,"Bishan, Ang Mo Kio",5-RM,2300
2019Q2,20,"Bishan, Ang Mo Kio",EXEC,0
2019Q2,16,"Bedok, Upper East Coast, Eastwood, Kew Drive",1-RM,0
2019Q2,16,"Bedok, Upper East Coast, Eastwood, Kew Drive",2-RM,0
2019Q2,16,"Bedok, Upper East Coast, Eastwood, Kew Drive",3-RM,1700
2019Q2,16,"Bedok, Upper East Coast, Eastwood, Kew Drive",4-RM,2100
2019Q2,16,"Bedok, Upper East Coast, Eastwood, Kew Drive",5-RM,2300
2019Q2,16,"Bedok, Upper East Coast, Eastwood, Kew Drive",EXEC,2400
2019Q2,20,"Bishan, Ang Mo Kio",1-RM,0
2019Q2,20,"Bishan, Ang Mo Kio",2-RM,0
2019Q2,20,"Bishan, Ang Mo Kio",3-RM,1800
2019Q2,20,"Bishan, Ang Mo Kio",4-RM,2300
2019Q2,20,"Bishan, Ang Mo Kio",5-RM,2500
2019Q2,20,"Bishan, Ang Mo Kio",EXEC,0
2019Q2,23,"Hillview, Dairy Farm, Bukit Panjang, Choa Chu Kang",1-RM,0
2019Q2,23,"Hillview, Dairy Farm, Bukit Panjang, Choa Chu Kang",2-RM,0
2019Q2,23,"Hillview, Dairy Farm, Bukit Panjang, Choa Chu Kang",3-RM,1600
2019Q2,23,"Hillview, Dairy Farm, Bukit Panjang, Choa Chu Kang",4-RM,1900
2019Q2,23,"Hillview, Dairy Farm, Bukit Panjang, Choa Chu Kang",5-RM,2030
2019Q2,23,"Hillview, Dairy Farm, Bukit Panjang, Choa Chu Kang",EXEC,2280
2019Q2,04,"Telok Blangah, Harbourfront",1-RM,0
2019Q2,04,"Telok Blangah, Harbourfront",2-RM,0
2019Q2,04,"Telok Blangah, Harbourfront",3-RM,1900
2019Q2,04,"Telok Blangah, Harbourfront",4-RM,2600
2019Q2,04,"Telok Blangah, Harbourfront",5-RM,2730
2019Q2,04,"Telok Blangah, Harbourfront",EXEC,0
2019Q2,23,"Hillview, Dairy Farm, Bukit Panjang, Choa Chu Kang",1-RM,0
2019Q2,23,"Hillview, Dairy Farm, Bukit Panjang, Choa Chu Kang",2-RM,0
2019Q2,23,"Hillview, Dairy Farm, Bukit Panjang, Choa Chu Kang",3-RM,1500
2019Q2,23,"Hillview, Dairy Farm, Bukit Panjang, Choa Chu Kang",4-RM,1700
2019Q2,23,"Hillview, Dairy Farm, Bukit Panjang, Choa Chu Kang",5-RM,1800
2019Q2,23,"Hillview, Dairy Farm, Bukit Panjang, Choa Chu Kang",EXEC,2000
2019Q2,10,"Ardmore, Bukit Timah, Holland Road, Tanglin",1-RM,0
2019Q2,10,"Ardmore, Bukit Timah, Holland Road, Tanglin",2-RM,0
2019Q2,10,"Ardmore, Bukit Timah, Holland Road, Tanglin",3-RM,0
2019Q2,10,"Ardmore, Bukit Timah, Holland Road, Tanglin",4-RM,0
2019Q2,10,"Ardmore, Bukit Timah, Holland Road, Tanglin",5-RM,0
2019Q2,10,"Ardmore, Bukit Timah, Holland Road, Tanglin",EXEC,0
2019Q2,02,"Anson, Tanjong Pagar",1-RM,0
2019Q2,02,"Anson, Tanjong Pagar",2-RM,0
2019Q2,02,"Anson, Tanjong Pagar",3-RM,2100
2019Q2,02,"Anson, Tanjong Pagar",4-RM,2700
2019Q2,02,"Anson, Tanjong Pagar",5-RM,0
2019Q2,02,"Anson, Tanjong Pagar",EXEC,0
2019Q2,23,"Hillview, Dairy Farm, Bukit Panjang, Choa Chu Kang",1-RM,0
2019Q2,23,"Hillview, Dairy Farm, Bukit Panjang, Choa Chu Kang",2-RM,0
2019Q2,23,"Hillview, Dairy Farm, Bukit Panjang, Choa Chu Kang",3-RM,1500
2019Q2,23,"Hillview, Dairy Farm, Bukit Panjang, Choa Chu Kang",4-RM,1750
2019Q2,23,"Hillview, Dairy Farm, Bukit Panjang, Choa Chu Kang",5-RM,1800
2019Q2,23,"Hillview, Dairy Farm, Bukit Panjang, Choa Chu Kang",EXEC,2050
2019Q2,05,"Pasir Panjang, Hong Leong Garden, Clementi New Town",1-RM,0
2019Q2,05,"Pasir Panjang, Hong Leong Garden, Clementi New Town",2-RM,0
2019Q2,05,"Pasir Panjang, Hong Leong Garden, Clementi New Town",3-RM,1800
2019Q2,05,"Pasir Panjang, Hong Leong Garden, Clementi New Town",4-RM,2400
2019Q2,05,"Pasir Panjang, Hong Leong Garden, Clementi New Town",5-RM,2500
2019Q2,05,"Pasir Panjang, Hong Leong Garden, Clementi New Town",EXEC,0
2019Q2,14,"Geylang, Eunos",1-RM,0
2019Q2,14,"Geylang, Eunos",2-RM,0
2019Q2,14,"Geylang, Eunos",3-RM,1800
2019Q2,14,"Geylang, Eunos",4-RM,2300
2019Q2,14,"Geylang, Eunos",5-RM,2400
2019Q2,14,"Geylang, Eunos",EXEC,0
2019Q2,19,"Serangoon Garden, Hougang, Punggo",1-RM,0
2019Q2,19,"Serangoon Garden, Hougang, Punggo",2-RM,0
2019Q2,19,"Serangoon Garden, Hougang, Punggo",3-RM,1650
2019Q2,19,"Serangoon Garden, Hougang, Punggo",4-RM,1900
2019Q2,19,"Serangoon Garden, Hougang, Punggo",5-RM,2050
2019Q2,19,"Serangoon Garden, Hougang, Punggo",EXEC,2400
2019Q2,22,Jurong,1-RM,0
2019Q2,22,Jurong,2-RM,0
2019Q2,22,Jurong,3-RM,1700
2019Q2,22,Jurong,4-RM,2050
2019Q2,22,Jurong,5-RM,2230
2019Q2,22,Jurong,EXEC,0
2019Q2,22,Jurong,1-RM,0
2019Q2,22,Jurong,2-RM,0
2019Q2,22,Jurong,3-RM,1600
2019Q2,22,Jurong,4-RM,2000
2019Q2,22,Jurong,5-RM,2100
2019Q2,22,Jurong,EXEC,2250
2019Q2,14,"Geylang, Eunos",1-RM,0
2019Q2,14,"Geylang, Eunos",2-RM,0
2019Q2,14,"Geylang, Eunos",3-RM,1900
2019Q2,14,"Geylang, Eunos",4-RM,2400
2019Q2,14,"Geylang, Eunos",5-RM,2500
2019Q2,14,"Geylang, Eunos",EXEC,0
2019Q2,15,"Katong, Joo Chiat, Amber Road",1-RM,0
2019Q2,15,"Katong, Joo Chiat, Amber Road",2-RM,0
2019Q2,15,"Katong, Joo Chiat, Amber Road",3-RM,1800
2019Q2,15,"Katong, Joo Chiat, Amber Road",4-RM,2100
2019Q2,15,"Katong, Joo Chiat, Amber Road",5-RM,0
2019Q2,15,"Katong, Joo Chiat, Amber Road",EXEC,0
2019Q2,18,"Tampines, Pasir Ris",1-RM,0
2019Q2,18,"Tampines, Pasir Ris",2-RM,0
2019Q2,18,"Tampines, Pasir Ris",3-RM,0
2019Q2,18,"Tampines, Pasir Ris",4-RM,1900
2019Q2,18,"Tampines, Pasir Ris",5-RM,2050
2019Q2,18,"Tampines, Pasir Ris",EXEC,2250
2019Q2,19,"Serangoon Garden, Hougang, Punggo",1-RM,0
2019Q2,19,"Serangoon Garden, Hougang, Punggo",2-RM,0
2019Q2,19,"Serangoon Garden, Hougang, Punggo",3-RM,0
2019Q2,19,"Serangoon Garden, Hougang, Punggo",4-RM,1800
2019Q2,19,"Serangoon Garden, Hougang, Punggo",5-RM,1900
2019Q2,19,"Serangoon Garden, Hougang, Punggo",EXEC,0
2019Q2,03,"Queenstown, Tiong Bahru",1-RM,0
2019Q2,03,"Queenstown, Tiong Bahru",2-RM,1450
2019Q2,03,"Queenstown, Tiong Bahru",3-RM,1900
2019Q2,03,"Queenstown, Tiong Bahru",4-RM,2600
2019Q2,03,"Queenstown, Tiong Bahru",5-RM,2800
2019Q2,03,"Queenstown, Tiong Bahru",EXEC,0
2019Q2,27,"Yishun, Sembawang",1-RM,0
2019Q2,27,"Yishun, Sembawang",2-RM,0
2019Q2,27,"Yishun, Sembawang",3-RM,0
2019Q2,27,"Yishun, Sembawang",4-RM,1800
2019Q2,27,"Yishun, Sembawang",5-RM,1900
2019Q2,27,"Yishun, Sembawang",EXEC,2000
2019Q2,19,"Serangoon Garden, Hougang, Punggo",1-RM,0
2019Q2,19,"Serangoon Garden, Hougang, Punggo",2-RM,0
2019Q2,19,"Serangoon Garden, Hougang, Punggo",3-RM,0
2019Q2,19,"Serangoon Garden, Hougang, Punggo",4-RM,1800
2019Q2,19,"Serangoon Garden, Hougang, Punggo",5-RM,1900
2019Q2,19,"Serangoon Garden, Hougang, Punggo",EXEC,2090
2019Q2,12,"Balestier, Toa Payoh, Serangoon",1-RM,0
2019Q2,12,"Balestier, Toa Payoh, Serangoon",2-RM,0
2019Q2,12,"Balestier, Toa Payoh, Serangoon",3-RM,1750
2019Q2,12,"Balestier, Toa Payoh, Serangoon",4-RM,2200
2019Q2,12,"Balestier, Toa Payoh, Serangoon",5-RM,2200
2019Q2,12,"Balestier, Toa Payoh, Serangoon",EXEC,2300
2019Q2,18,"Tampines, Pasir Ris",1-RM,0
2019Q2,18,"Tampines, Pasir Ris",2-RM,0
2019Q2,18,"Tampines, Pasir Ris",3-RM,1700
2019Q2,18,"Tampines, Pasir Ris",4-RM,2000
2019Q2,18,"Tampines, Pasir Ris",5-RM,2200
2019Q2,18,"Tampines, Pasir Ris",EXEC,2390
2019Q2,12,"Balestier, Toa Payoh, Serangoon",1-RM,0
2019Q2,12,"Balestier, Toa Payoh, Serangoon",2-RM,0
2019Q2,12,"Balestier, Toa Payoh, Serangoon",3-RM,1800
2019Q2,12,"Balestier, Toa Payoh, Serangoon",4-RM,2250
2019Q2,12,"Balestier, Toa Payoh, Serangoon",5-RM,2500
2019Q2,12,"Balestier, Toa Payoh, Serangoon",EXEC,0
2019Q2,25,"Kranji, Woodgrove",1-RM,0
2019Q2,25,"Kranji, Woodgrove",2-RM,0
2019Q2,25,"Kranji, Woodgrove",3-RM,1430
2019Q2,25,"Kranji, Woodgrove",4-RM,1700
2019Q2,25,"Kranji, Woodgrove",5-RM,1800
2019Q2,25,"Kranji, Woodgrove",EXEC,2000
2019Q2,27,"Yishun, Sembawang",1-RM,0
2019Q2,27,"Yishun, Sembawang",2-RM,0
2019Q2,27,"Yishun, Sembawang",3-RM,1500
2019Q2,27,"Yishun, Sembawang",4-RM,1800
2019Q2,27,"Yishun, Sembawang",5-RM,2000
2019Q2,27,"Yishun, Sembawang",EXEC,2100
2019Q3,20,"Bishan, Ang Mo Kio",1-RM,0
2019Q3,20,"Bishan, Ang Mo Kio",2-RM,0
2019Q3,20,"Bishan, Ang Mo Kio",3-RM,1700
2019Q3,20,"Bishan, Ang Mo Kio",4-RM,2100
2019Q3,20,"Bishan, Ang Mo Kio",5-RM,2400
2019Q3,20,"Bishan, Ang Mo Kio",EXEC,0
2019Q3,16,"Bedok, Upper East Coast, Eastwood, Kew Drive",1-RM,0
2019Q3,16,"Bedok, Upper East Coast, Eastwood, Kew Drive",2-RM,0
2019Q3,16,"Bedok, Upper East Coast, Eastwood, Kew Drive",3-RM,1700
2019Q3,16,"Bedok, Upper East Coast, Eastwood, Kew Drive",4-RM,2000
2019Q3,16,"Bedok, Upper East Coast, Eastwood, Kew Drive",5-RM,2250
2019Q3,16,"Bedok, Upper East Coast, Eastwood, Kew Drive",EXEC,2400
2019Q3,20,"Bishan, Ang Mo Kio",1-RM,0
2019Q3,20,"Bishan, Ang Mo Kio",2-RM,0
2019Q3,20,"Bishan, Ang Mo Kio",3-RM,1800
2019Q3,20,"Bishan, Ang Mo Kio",4-RM,2300
2019Q3,20,"Bishan, Ang Mo Kio",5-RM,2500
2019Q3,20,"Bishan, Ang Mo Kio",EXEC,0
2019Q3,23,"Hillview, Dairy Farm, Bukit Panjang, Choa Chu Kang",1-RM,0
2019Q3,23,"Hillview, Dairy Farm, Bukit Panjang, Choa Chu Kang",2-RM,0
2019Q3,23,"Hillview, Dairy Farm, Bukit Panjang, Choa Chu Kang",3-RM,1600
2019Q3,23,"Hillview, Dairy Farm, Bukit Panjang, Choa Chu Kang",4-RM,1900
2019Q3,23,"Hillview, Dairy Farm, Bukit Panjang, Choa Chu Kang",5-RM,2050
2019Q3,23,"Hillview, Dairy Farm, Bukit Panjang, Choa Chu Kang",EXEC,2300
2019Q3,04,"Telok Blangah, Harbourfront",1-RM,0
2019Q3,04,"Telok Blangah, Harbourfront",2-RM,0
2019Q3,04,"Telok Blangah, Harbourfront",3-RM,1950
2019Q3,04,"Telok Blangah, Harbourfront",4-RM,2500
2019Q3,04,"Telok Blangah, Harbourfront",5-RM,2800
2019Q3,04,"Telok Blangah, Harbourfront",EXEC,0
2019Q3,23,"Hillview, Dairy Farm, Bukit Panjang, Choa Chu Kang",1-RM,0
2019Q3,23,"Hillview, Dairy Farm, Bukit Panjang, Choa Chu Kang",2-RM,0
2019Q3,23,"Hillview, Dairy Farm, Bukit Panjang, Choa Chu Kang",3-RM,1500
2019Q3,23,"Hillview, Dairy Farm, Bukit Panjang, Choa Chu Kang",4-RM,1700
2019Q3,23,"Hillview, Dairy Farm, Bukit Panjang, Choa Chu Kang",5-RM,1800
2019Q3,23,"Hillview, Dairy Farm, Bukit Panjang, Choa Chu Kang",EXEC,2080
2019Q3,10,"Ardmore, Bukit Timah, Holland Road, Tanglin",1-RM,0
2019Q3,10,"Ardmore, Bukit Timah, Holland Road, Tanglin",2-RM,0
2019Q3,10,"Ardmore, Bukit Timah, Holland Road, Tanglin",3-RM,0
2019Q3,10,"Ardmore, Bukit Timah, Holland Road, Tanglin",4-RM,0
2019Q3,10,"Ardmore, Bukit Timah, Holland Road, Tanglin",5-RM,0
2019Q3,10,"Ardmore, Bukit Timah, Holland Road, Tanglin",EXEC,0
2019Q3,02,"Anson, Tanjong Pagar",1-RM,0
2019Q3,02,"Anson, Tanjong Pagar",2-RM,0
2019Q3,02,"Anson, Tanjong Pagar",3-RM,2200
2019Q3,02,"Anson, Tanjong Pagar",4-RM,2800
2019Q3,02,"Anson, Tanjong Pagar",5-RM,0
2019Q3,02,"Anson, Tanjong Pagar",EXEC,0
2019Q3,23,"Hillview, Dairy Farm, Bukit Panjang, Choa Chu Kang",1-RM,0
2019Q3,23,"Hillview, Dairy Farm, Bukit Panjang, Choa Chu Kang",2-RM,0
2019Q3,23,"Hillview, Dairy Farm, Bukit Panjang, Choa Chu Kang",3-RM,1480
2019Q3,23,"Hillview, Dairy Farm, Bukit Panjang, Choa Chu Kang",4-RM,1750
2019Q3,23,"Hillview, Dairy Farm, Bukit Panjang, Choa Chu Kang",5-RM,1900
2019Q3,23,"Hillview, Dairy Farm, Bukit Panjang, Choa Chu Kang",EXEC,2030
2019Q3,05,"Pasir Panjang, Hong Leong Garden, Clementi New Town",1-RM,0
2019Q3,05,"Pasir Panjang, Hong Leong Garden, Clementi New Town",2-RM,0
2019Q3,05,"Pasir Panjang, Hong Leong Garden, Clementi New Town",3-RM,1850
2019Q3,05,"Pasir Panjang, Hong Leong Garden, Clementi New Town",4-RM,2400
2019Q3,05,"Pasir Panjang, Hong Leong Garden, Clementi New Town",5-RM,2600
2019Q3,05,"Pasir Panjang, Hong Leong Garden, Clementi New Town",EXEC,0
2019Q3,14,"Geylang, Eunos",1-RM,0
2019Q3,14,"Geylang, Eunos",2-RM,0
2019Q3,14,"Geylang, Eunos",3-RM,1800
2019Q3,14,"Geylang, Eunos",4-RM,2250
2019Q3,14,"Geylang, Eunos",5-RM,2500
2019Q3,14,"Geylang, Eunos",EXEC,0
2019Q3,19,"Serangoon Garden, Hougang, Punggo",1-RM,0
2019Q3,19,"Serangoon Garden, Hougang, Punggo",2-RM,0
2019Q3,19,"Serangoon Garden, Hougang, Punggo",3-RM,1600
2019Q3,19,"Serangoon Garden, Hougang, Punggo",4-RM,1900
2019Q3,19,"Serangoon Garden, Hougang, Punggo",5-RM,2100
2019Q3,19,"Serangoon Garden, Hougang, Punggo",EXEC,2300
2019Q3,22,Jurong,1-RM,0
2019Q3,22,Jurong,2-RM,0
2019Q3,22,Jurong,3-RM,1700
2019Q3,22,Jurong,4-RM,2000
2019Q3,22,Jurong,5-RM,2200
2019Q3,22,Jurong,EXEC,2500
2019Q3,22,Jurong,1-RM,0
2019Q3,22,Jurong,2-RM,0
2019Q3,22,Jurong,3-RM,1600
2019Q3,22,Jurong,4-RM,2000
2019Q3,22,Jurong,5-RM,2100
2019Q3,22,Jurong,EXEC,2300
2019Q3,14,"Geylang, Eunos",1-RM,0
2019Q3,14,"Geylang, Eunos",2-RM,0
2019Q3,14,"Geylang, Eunos",3-RM,1900
2019Q3,14,"Geylang, Eunos",4-RM,2450
2019Q3,14,"Geylang, Eunos",5-RM,2630
2019Q3,14,"Geylang, Eunos",EXEC,0
2019Q3,15,"Katong, Joo Chiat, Amber Road",1-RM,0
2019Q3,15,"Katong, Joo Chiat, Amber Road",2-RM,0
2019Q3,15,"Katong, Joo Chiat, Amber Road",3-RM,1800
2019Q3,15,"Katong, Joo Chiat, Amber Road",4-RM,2100
2019Q3,15,"Katong, Joo Chiat, Amber Road",5-RM,2500
2019Q3,15,"Katong, Joo Chiat, Amber Road",EXEC,0
2019Q3,18,"Tampines, Pasir Ris",1-RM,0
2019Q3,18,"Tampines, Pasir Ris",2-RM,0
2019Q3,18,"Tampines, Pasir Ris",3-RM,0
2019Q3,18,"Tampines, Pasir Ris",4-RM,1950
2019Q3,18,"Tampines, Pasir Ris",5-RM,2080
2019Q3,18,"Tampines, Pasir Ris",EXEC,2300
2019Q3,19,"Serangoon Garden, Hougang, Punggo",1-RM,0
2019Q3,19,"Serangoon Garden, Hougang, Punggo",2-RM,0
2019Q3,19,"Serangoon Garden, Hougang, Punggo",3-RM,1700
2019Q3,19,"Serangoon Garden, Hougang, Punggo",4-RM,1900
2019Q3,19,"Serangoon Garden, Hougang, Punggo",5-RM,1900
2019Q3,19,"Serangoon Garden, Hougang, Punggo",EXEC,0
2019Q3,03,"Queenstown, Tiong Bahru",1-RM,0
2019Q3,03,"Queenstown, Tiong Bahru",2-RM,1500
2019Q3,03,"Queenstown, Tiong Bahru",3-RM,1900
2019Q3,03,"Queenstown, Tiong Bahru",4-RM,2520
2019Q3,03,"Queenstown, Tiong Bahru",5-RM,2800
2019Q3,03,"Queenstown, Tiong Bahru",EXEC,0
2019Q3,27,"Yishun, Sembawang",1-RM,0
2019Q3,27,"Yishun, Sembawang",2-RM,0
2019Q3,27,"Yishun, Sembawang",3-RM,0
2019Q3,27,"Yishun, Sembawang",4-RM,1800
2019Q3,27,"Yishun, Sembawang",5-RM,1900
2019Q3,27,"Yishun, Sembawang",EXEC,2000
2019Q3,19,"Serangoon Garden, Hougang, Punggo",1-RM,0
2019Q3,19,"Serangoon Garden, Hougang, Punggo",2-RM,0
2019Q3,19,"Serangoon Garden, Hougang, Punggo",3-RM,1650
2019Q3,19,"Serangoon Garden, Hougang, Punggo",4-RM,1880
2019Q3,19,"Serangoon Garden, Hougang, Punggo",5-RM,1900
2019Q3,19,"Serangoon Garden, Hougang, Punggo",EXEC,2000
2019Q3,12,"Balestier, Toa Payoh, Serangoon",1-RM,0
2019Q3,12,"Balestier, Toa Payoh, Serangoon",2-RM,0
2019Q3,12,"Balestier, Toa Payoh, Serangoon",3-RM,1800
2019Q3,12,"Balestier, Toa Payoh, Serangoon",4-RM,2190
2019Q3,12,"Balestier, Toa Payoh, Serangoon",5-RM,2200
2019Q3,12,"Balestier, Toa Payoh, Serangoon",EXEC,0
2019Q3,18,"Tampines, Pasir Ris",1-RM,0
2019Q3,18,"Tampines, Pasir Ris",2-RM,0
2019Q3,18,"Tampines, Pasir Ris",3-RM,1750
2019Q3,18,"Tampines, Pasir Ris",4-RM,2000
2019Q3,18,"Tampines, Pasir Ris",5-RM,2200
2019Q3,18,"Tampines, Pasir Ris",EXEC,2400
2019Q3,12,"Balestier, Toa Payoh, Serangoon",1-RM,0
2019Q3,12,"Balestier, Toa Payoh, Serangoon",2-RM,0
2019Q3,12,"Balestier, Toa Payoh, Serangoon",3-RM,1800
2019Q3,12,"Balestier, Toa Payoh, Serangoon",4-RM,2300
2019Q3,12,"Balestier, Toa Payoh, Serangoon",5-RM,2600
2019Q3,12,"Balestier, Toa Payoh, Serangoon",EXEC,0
2019Q3,25,"Kranji, Woodgrove",1-RM,0
2019Q3,25,"Kranji, Woodgrove",2-RM,0
2019Q3,25,"Kranji, Woodgrove",3-RM,1400
2019Q3,25,"Kranji, Woodgrove",4-RM,1700
2019Q3,25,"Kranji, Woodgrove",5-RM,1800
2019Q3,25,"Kranji, Woodgrove",EXEC,2100
2019Q3,27,"Yishun, Sembawang",1-RM,0
2019Q3,27,"Yishun, Sembawang",2-RM,0
2019Q3,27,"Yishun, Sembawang",3-RM,1600
2019Q3,27,"Yishun, Sembawang",4-RM,1800
2019Q3,27,"Yishun, Sembawang",5-RM,2000
2019Q3,27,"Yishun, Sembawang",EXEC,2000
2019Q4,20,"Bishan, Ang Mo Kio",1-RM,0
2019Q4,20,"Bishan, Ang Mo Kio",2-RM,0
2019Q4,20,"Bishan, Ang Mo Kio",3-RM,1700
2019Q4,20,"Bishan, Ang Mo Kio",4-RM,2100
2019Q4,20,"Bishan, Ang Mo Kio",5-RM,2300
2019Q4,20,"Bishan, Ang Mo Kio",EXEC,0
2019Q4,16,"Bedok, Upper East Coast, Eastwood, Kew Drive",1-RM,0
2019Q4,16,"Bedok, Upper East Coast, Eastwood, Kew Drive",2-RM,0
2019Q4,16,"Bedok, Upper East Coast, Eastwood, Kew Drive",3-RM,1700
2019Q4,16,"Bedok, Upper East Coast, Eastwood, Kew Drive",4-RM,2000
2019Q4,16,"Bedok, Upper East Coast, Eastwood, Kew Drive",5-RM,2250
2019Q4,16,"Bedok, Upper East Coast, Eastwood, Kew Drive",EXEC,2500
2019Q4,20,"Bishan, Ang Mo Kio",1-RM,0
2019Q4,20,"Bishan, Ang Mo Kio",2-RM,0
2019Q4,20,"Bishan, Ang Mo Kio",3-RM,1800
2019Q4,20,"Bishan, Ang Mo Kio",4-RM,2250
2019Q4,20,"Bishan, Ang Mo Kio",5-RM,2550
2019Q4,20,"Bishan, Ang Mo Kio",EXEC,0
2019Q4,23,"Hillview, Dairy Farm, Bukit Panjang, Choa Chu Kang",1-RM,0
2019Q4,23,"Hillview, Dairy Farm, Bukit Panjang, Choa Chu Kang",2-RM,0
2019Q4,23,"Hillview, Dairy Farm, Bukit Panjang, Choa Chu Kang",3-RM,1600
2019Q4,23,"Hillview, Dairy Farm, Bukit Panjang, Choa Chu Kang",4-RM,1900
2019Q4,23,"Hillview, Dairy Farm, Bukit Panjang, Choa Chu Kang",5-RM,2100
2019Q4,23,"Hillview, Dairy Farm, Bukit Panjang, Choa Chu Kang",EXEC,2200
2019Q4,04,"Telok Blangah, Harbourfront",1-RM,0
2019Q4,04,"Telok Blangah, Harbourfront",2-RM,1500
2019Q4,04,"Telok Blangah, Harbourfront",3-RM,1900
2019Q4,04,"Telok Blangah, Harbourfront",4-RM,2500
2019Q4,04,"Telok Blangah, Harbourfront",5-RM,2800
2019Q4,04,"Telok Blangah, Harbourfront",EXEC,0
2019Q4,23,"Hillview, Dairy Farm, Bukit Panjang, Choa Chu Kang",1-RM,0
2019Q4,23,"Hillview, Dairy Farm, Bukit Panjang, Choa Chu Kang",2-RM,0
2019Q4,23,"Hillview, Dairy Farm, Bukit Panjang, Choa Chu Kang",3-RM,1500
2019Q4,23,"Hillview, Dairy Farm, Bukit Panjang, Choa Chu Kang",4-RM,1700
2019Q4,23,"Hillview, Dairy Farm, Bukit Panjang, Choa Chu Kang",5-RM,1850
2019Q4,23,"Hillview, Dairy Farm, Bukit Panjang, Choa Chu Kang",EXEC,1980
2019Q4,10,"Ardmore, Bukit Timah, Holland Road, Tanglin",1-RM,0
2019Q4,10,"Ardmore, Bukit Timah, Holland Road, Tanglin",2-RM,0
2019Q4,10,"Ardmore, Bukit Timah, Holland Road, Tanglin",3-RM,0
2019Q4,10,"Ardmore, Bukit Timah, Holland Road, Tanglin",4-RM,0
2019Q4,10,"Ardmore, Bukit Timah, Holland Road, Tanglin",5-RM,0
2019Q4,10,"Ardmore, Bukit Timah, Holland Road, Tanglin",EXEC,0
2019Q4,02,"Anson, Tanjong Pagar",1-RM,0
2019Q4,02,"Anson, Tanjong Pagar",2-RM,0
2019Q4,02,"Anson, Tanjong Pagar",3-RM,2200
2019Q4,02,"Anson, Tanjong Pagar",4-RM,2550
2019Q4,02,"Anson, Tanjong Pagar",5-RM,0
2019Q4,02,"Anson, Tanjong Pagar",EXEC,0
2019Q4,23,"Hillview, Dairy Farm, Bukit Panjang, Choa Chu Kang",1-RM,0
2019Q4,23,"Hillview, Dairy Farm, Bukit Panjang, Choa Chu Kang",2-RM,0
2019Q4,23,"Hillview, Dairy Farm, Bukit Panjang, Choa Chu Kang",3-RM,0
2019Q4,23,"Hillview, Dairy Farm, Bukit Panjang, Choa Chu Kang",4-RM,1800
2019Q4,23,"Hillview, Dairy Farm, Bukit Panjang, Choa Chu Kang",5-RM,1850
2019Q4,23,"Hillview, Dairy Farm, Bukit Panjang, Choa Chu Kang",EXEC,2000
2019Q4,05,"Pasir Panjang, Hong Leong Garden, Clementi New Town",1-RM,0
2019Q4,05,"Pasir Panjang, Hong Leong Garden, Clementi New Town",2-RM,0
2019Q4,05,"Pasir Panjang, Hong Leong Garden, Clementi New Town",3-RM,1850
2019Q4,05,"Pasir Panjang, Hong Leong Garden, Clementi New Town",4-RM,2400
2019Q4,05,"Pasir Panjang, Hong Leong Garden, Clementi New Town",5-RM,2500
2019Q4,05,"Pasir Panjang, Hong Leong Garden, Clementi New Town",EXEC,0
2019Q4,14,"Geylang, Eunos",1-RM,0
2019Q4,14,"Geylang, Eunos",2-RM,0
2019Q4,14,"Geylang, Eunos",3-RM,1800
2019Q4,14,"Geylang, Eunos",4-RM,2250
2019Q4,14,"Geylang, Eunos",5-RM,2500
2019Q4,14,"Geylang, Eunos",EXEC,0
2019Q4,19,"Serangoon Garden, Hougang, Punggo",1-RM,0
2019Q4,19,"Serangoon Garden, Hougang, Punggo",2-RM,0
2019Q4,19,"Serangoon Garden, Hougang, Punggo",3-RM,1600
2019Q4,19,"Serangoon Garden, Hougang, Punggo",4-RM,1900
2019Q4,19,"Serangoon Garden, Hougang, Punggo",5-RM,2100
2019Q4,19,"Serangoon Garden, Hougang, Punggo",EXEC,2330
2019Q4,22,Jurong,1-RM,0
2019Q4,22,Jurong,2-RM,0
2019Q4,22,Jurong,3-RM,1700
2019Q4,22,Jurong,4-RM,2000
2019Q4,22,Jurong,5-RM,2200
2019Q4,22,Jurong,EXEC,2500
2019Q4,22,Jurong,1-RM,0
2019Q4,22,Jurong,2-RM,0
2019Q4,22,Jurong,3-RM,1600
2019Q4,22,Jurong,4-RM,1950
2019Q4,22,Jurong,5-RM,2180
2019Q4,22,Jurong,EXEC,2200
2019Q4,14,"Geylang, Eunos",1-RM,0
2019Q4,14,"Geylang, Eunos",2-RM,0
2019Q4,14,"Geylang, Eunos",3-RM,1900
2019Q4,14,"Geylang, Eunos",4-RM,2400
2019Q4,14,"Geylang, Eunos",5-RM,2580
2019Q4,14,"Geylang, Eunos",EXEC,0
2019Q4,15,"Katong, Joo Chiat, Amber Road",1-RM,0
2019Q4,15,"Katong, Joo Chiat, Amber Road",2-RM,0
2019Q4,15,"Katong, Joo Chiat, Amber Road",3-RM,1800
2019Q4,15,"Katong, Joo Chiat, Amber Road",4-RM,2100
2019Q4,15,"Katong, Joo Chiat, Amber Road",5-RM,0
2019Q4,15,"Katong, Joo Chiat, Amber Road",EXEC,0
2019Q4,18,"Tampines, Pasir Ris",1-RM,0
2019Q4,18,"Tampines, Pasir Ris",2-RM,0
2019Q4,18,"Tampines, Pasir Ris",3-RM,0
2019Q4,18,"Tampines, Pasir Ris",4-RM,2000
2019Q4,18,"Tampines, Pasir Ris",5-RM,2100
2019Q4,18,"Tampines, Pasir Ris",EXEC,2250
2019Q4,19,"Serangoon Garden, Hougang, Punggo",1-RM,0
2019Q4,19,"Serangoon Garden, Hougang, Punggo",2-RM,0
2019Q4,19,"Serangoon Garden, Hougang, Punggo",3-RM,0
2019Q4,19,"Serangoon Garden, Hougang, Punggo",4-RM,1900
2019Q4,19,"Serangoon Garden, Hougang, Punggo",5-RM,1900
2019Q4,19,"Serangoon Garden, Hougang, Punggo",EXEC,0
2019Q4,03,"Queenstown, Tiong Bahru",1-RM,0
2019Q4,03,"Queenstown, Tiong Bahru",2-RM,1400
2019Q4,03,"Queenstown, Tiong Bahru",3-RM,1880
2019Q4,03,"Queenstown, Tiong Bahru",4-RM,2600
2019Q4,03,"Queenstown, Tiong Bahru",5-RM,2800
2019Q4,03,"Queenstown, Tiong Bahru",EXEC,0
2019Q4,27,"Yishun, Sembawang",1-RM,0
2019Q4,27,"Yishun, Sembawang",2-RM,0
2019Q4,27,"Yishun, Sembawang",3-RM,0
2019Q4,27,"Yishun, Sembawang",4-RM,1800
2019Q4,27,"Yishun, Sembawang",5-RM,1900
2019Q4,27,"Yishun, Sembawang",EXEC,2000
2019Q4,19,"Serangoon Garden, Hougang, Punggo",1-RM,0
2019Q4,19,"Serangoon Garden, Hougang, Punggo",2-RM,0
2019Q4,19,"Serangoon Garden, Hougang, Punggo",3-RM,1650
2019Q4,19,"Serangoon Garden, Hougang, Punggo",4-RM,1900
2019Q4,19,"Serangoon Garden, Hougang, Punggo",5-RM,1900
2019Q4,19,"Serangoon Garden, Hougang, Punggo",EXEC,2100
2019Q4,12,"Balestier, Toa Payoh, Serangoon",1-RM,0
2019Q4,12,"Balestier, Toa Payoh, Serangoon",2-RM,0
2019Q4,12,"Balestier, Toa Payoh, Serangoon",3-RM,1750
2019Q4,12,"Balestier, Toa Payoh, Serangoon",4-RM,2100
2019Q4,12,"Balestier, Toa Payoh, Serangoon",5-RM,2250
2019Q4,12,"Balestier, Toa Payoh, Serangoon",EXEC,2550
2019Q4,18,"Tampines, Pasir Ris",1-RM,0
2019Q4,18,"Tampines, Pasir Ris",2-RM,0
2019Q4,18,"Tampines, Pasir Ris",3-RM,1750
2019Q4,18,"Tampines, Pasir Ris",4-RM,2050
2019Q4,18,"Tampines, Pasir Ris",5-RM,2200
2019Q4,18,"Tampines, Pasir Ris",EXEC,2400
2019Q4,12,"Balestier, Toa Payoh, Serangoon",1-RM,0
2019Q4,12,"Balestier, Toa Payoh, Serangoon",2-RM,0
2019Q4,12,"Balestier, Toa Payoh, Serangoon",3-RM,1800
2019Q4,12,"Balestier, Toa Payoh, Serangoon",4-RM,2300
2019Q4,12,"Balestier, Toa Payoh, Serangoon",5-RM,2400
2019Q4,12,"Balestier, Toa Payoh, Serangoon",EXEC,0
2019Q4,25,"Kranji, Woodgrove",1-RM,0
2019Q4,25,"Kranji, Woodgrove",2-RM,0
2019Q4,25,"Kranji, Woodgrove",3-RM,1450
2019Q4,25,"Kranji, Woodgrove",4-RM,1700
2019Q4,25,"Kranji, Woodgrove",5-RM,1800
2019Q4,25,"Kranji, Woodgrove",EXEC,2100
2019Q4,27,"Yishun, Sembawang",1-RM,0
2019Q4,27,"Yishun, Sembawang",2-RM,0
2019Q4,27,"Yishun, Sembawang",3-RM,1600
2019Q4,27,"Yishun, Sembawang",4-RM,1800
2019Q4,27,"Yishun, Sembawang",5-RM,2000
2019Q4,27,"Yishun, Sembawang",EXEC,2150
2020Q1,20,"Bishan, Ang Mo Kio",1-RM,0
2020Q1,20,"Bishan, Ang Mo Kio",2-RM,0
2020Q1,20,"Bishan, Ang Mo Kio",3-RM,1700
2020Q1,20,"Bishan, Ang Mo Kio",4-RM,2100
2020Q1,20,"Bishan, Ang Mo Kio",5-RM,2400
2020Q1,20,"Bishan, Ang Mo Kio",EXEC,0
2020Q1,16,"Bedok, Upper East Coast, Eastwood, Kew Drive",1-RM,0
2020Q1,16,"Bedok, Upper East Coast, Eastwood, Kew Drive",2-RM,0
2020Q1,16,"Bedok, Upper East Coast, Eastwood, Kew Drive",3-RM,1700
2020Q1,16,"Bedok, Upper East Coast, Eastwood, Kew Drive",4-RM,2000
2020Q1,16,"Bedok, Upper East Coast, Eastwood, Kew Drive",5-RM,2300
2020Q1,16,"Bedok, Upper East Coast, Eastwood, Kew Drive",EXEC,2480
2020Q1,20,"Bishan, Ang Mo Kio",1-RM,0
2020Q1,20,"Bishan, Ang Mo Kio",2-RM,0
2020Q1,20,"Bishan, Ang Mo Kio",3-RM,1900
2020Q1,20,"Bishan, Ang Mo Kio",4-RM,2300
2020Q1,20,"Bishan, Ang Mo Kio",5-RM,2500
2020Q1,20,"Bishan, Ang Mo Kio",EXEC,0
2020Q1,23,"Hillview, Dairy Farm, Bukit Panjang, Choa Chu Kang",1-RM,0
2020Q1,23,"Hillview, Dairy Farm, Bukit Panjang, Choa Chu Kang",2-RM,0
2020Q1,23,"Hillview, Dairy Farm, Bukit Panjang, Choa Chu Kang",3-RM,1600
2020Q1,23,"Hillview, Dairy Farm, Bukit Panjang, Choa Chu Kang",4-RM,1900
2020Q1,23,"Hillview, Dairy Farm, Bukit Panjang, Choa Chu Kang",5-RM,2100
2020Q1,23,"Hillview, Dairy Farm, Bukit Panjang, Choa Chu Kang",EXEC,2200
2020Q1,04,"Telok Blangah, Harbourfront",1-RM,0
2020Q1,04,"Telok Blangah, Harbourfront",2-RM,1530
2020Q1,04,"Telok Blangah, Harbourfront",3-RM,1900
2020Q1,04,"Telok Blangah, Harbourfront",4-RM,2500
2020Q1,04,"Telok Blangah, Harbourfront",5-RM,2720
2020Q1,04,"Telok Blangah, Harbourfront",EXEC,0
2020Q1,23,"Hillview, Dairy Farm, Bukit Panjang, Choa Chu Kang",1-RM,0
2020Q1,23,"Hillview, Dairy Farm, Bukit Panjang, Choa Chu Kang",2-RM,0
2020Q1,23,"Hillview, Dairy Farm, Bukit Panjang, Choa Chu Kang",3-RM,1550
2020Q1,23,"Hillview, Dairy Farm, Bukit Panjang, Choa Chu Kang",4-RM,1800
2020Q1,23,"Hillview, Dairy Farm, Bukit Panjang, Choa Chu Kang",5-RM,1900
2020Q1,23,"Hillview, Dairy Farm, Bukit Panjang, Choa Chu Kang",EXEC,0
2020Q1,10,"Ardmore, Bukit Timah, Holland Road, Tanglin",1-RM,0
2020Q1,10,"Ardmore, Bukit Timah, Holland Road, Tanglin",2-RM,0
2020Q1,10,"Ardmore, Bukit Timah, Holland Road, Tanglin",3-RM,0
2020Q1,10,"Ardmore, Bukit Timah, Holland Road, Tanglin",4-RM,0
2020Q1,10,"Ardmore, Bukit Timah, Holland Road, Tanglin",5-RM,0
2020Q1,10,"Ardmore, Bukit Timah, Holland Road, Tanglin",EXEC,0
2020Q1,02,"Anson, Tanjong Pagar",1-RM,0
2020Q1,02,"Anson, Tanjong Pagar",2-RM,0
2020Q1,02,"Anson, Tanjong Pagar",3-RM,2200
2020Q1,02,"Anson, Tanjong Pagar",4-RM,2600
2020Q1,02,"Anson, Tanjong Pagar",5-RM,0
2020Q1,02,"Anson, Tanjong Pagar",EXEC,0
2020Q1,23,"Hillview, Dairy Farm, Bukit Panjang, Choa Chu Kang",1-RM,0
2020Q1,23,"Hillview, Dairy Farm, Bukit Panjang, Choa Chu Kang",2-RM,0
2020Q1,23,"Hillview, Dairy Farm, Bukit Panjang, Choa Chu Kang",3-RM,0
2020Q1,23,"Hillview, Dairy Farm, Bukit Panjang, Choa Chu Kang",4-RM,1800
2020Q1,23,"Hillview, Dairy Farm, Bukit Panjang, Choa Chu Kang",5-RM,1900
2020Q1,23,"Hillview, Dairy Farm, Bukit Panjang, Choa Chu Kang",EXEC,2100
2020Q1,05,"Pasir Panjang, Hong Leong Garden, Clementi New Town",1-RM,0
2020Q1,05,"Pasir Panjang, Hong Leong Garden, Clementi New Town",2-RM,0
2020Q1,05,"Pasir Panjang, Hong Leong Garden, Clementi New Town",3-RM,1800
2020Q1,05,"Pasir Panjang, Hong Leong Garden, Clementi New Town",4-RM,2350
2020Q1,05,"Pasir Panjang, Hong Leong Garden, Clementi New Town",5-RM,2600
2020Q1,05,"Pasir Panjang, Hong Leong Garden, Clementi New Town",EXEC,0
2020Q1,14,"Geylang, Eunos",1-RM,0
2020Q1,14,"Geylang, Eunos",2-RM,0
2020Q1,14,"Geylang, Eunos",3-RM,1800
2020Q1,14,"Geylang, Eunos",4-RM,2300
2020Q1,14,"Geylang, Eunos",5-RM,2500
2020Q1,14,"Geylang, Eunos",EXEC,0
2020Q1,19,"Serangoon Garden, Hougang, Punggo",1-RM,0
2020Q1,19,"Serangoon Garden, Hougang, Punggo",2-RM,0
2020Q1,19,"Serangoon Garden, Hougang, Punggo",3-RM,1650
2020Q1,19,"Serangoon Garden, Hougang, Punggo",4-RM,1950
2020Q1,19,"Serangoon Garden, Hougang, Punggo",5-RM,2100
2020Q1,19,"Serangoon Garden, Hougang, Punggo",EXEC,2400
2020Q1,22,Jurong,1-RM,0
2020Q1,22,Jurong,2-RM,0
2020Q1,22,Jurong,3-RM,1700
2020Q1,22,Jurong,4-RM,2000
2020Q1,22,Jurong,5-RM,2300
2020Q1,22,Jurong,EXEC,0
2020Q1,22,Jurong,1-RM,0
2020Q1,22,Jurong,2-RM,0
2020Q1,22,Jurong,3-RM,1600
2020Q1,22,Jurong,4-RM,2000
2020Q1,22,Jurong,5-RM,2150
2020Q1,22,Jurong,EXEC,2300
2020Q1,14,"Geylang, Eunos",1-RM,0
2020Q1,14,"Geylang, Eunos",2-RM,0
2020Q1,14,"Geylang, Eunos",3-RM,1900
2020Q1,14,"Geylang, Eunos",4-RM,2400
2020Q1,14,"Geylang, Eunos",5-RM,2600
2020Q1,14,"Geylang, Eunos",EXEC,0
2020Q1,15,"Katong, Joo Chiat, Amber Road",1-RM,0
2020Q1,15,"Katong, Joo Chiat, Amber Road",2-RM,0
2020Q1,15,"Katong, Joo Chiat, Amber Road",3-RM,1800
2020Q1,15,"Katong, Joo Chiat, Amber Road",4-RM,2050
2020Q1,15,"Katong, Joo Chiat, Amber Road",5-RM,0
2020Q1,15,"Katong, Joo Chiat, Amber Road",EXEC,0
2020Q1,18,"Tampines, Pasir Ris",1-RM,0
2020Q1,18,"Tampines, Pasir Ris",2-RM,0
2020Q1,18,"Tampines, Pasir Ris",3-RM,0
2020Q1,18,"Tampines, Pasir Ris",4-RM,2000
2020Q1,18,"Tampines, Pasir Ris",5-RM,2100
2020Q1,18,"Tampines, Pasir Ris",EXEC,2250
2020Q1,19,"Serangoon Garden, Hougang, Punggo",1-RM,0
2020Q1,19,"Serangoon Garden, Hougang, Punggo",2-RM,0
2020Q1,19,"Serangoon Garden, Hougang, Punggo",3-RM,0
2020Q1,19,"Serangoon Garden, Hougang, Punggo",4-RM,1900
2020Q1,19,"Serangoon Garden, Hougang, Punggo",5-RM,1900
2020Q1,19,"Serangoon Garden, Hougang, Punggo",EXEC,0
2020Q1,03,"Queenstown, Tiong Bahru",1-RM,0
2020Q1,03,"Queenstown, Tiong Bahru",2-RM,1450
2020Q1,03,"Queenstown, Tiong Bahru",3-RM,1900
2020Q1,03,"Queenstown, Tiong Bahru",4-RM,2650
2020Q1,03,"Queenstown, Tiong Bahru",5-RM,2800
2020Q1,03,"Queenstown, Tiong Bahru",EXEC,0
2020Q1,27,"Yishun, Sembawang",1-RM,0
2020Q1,27,"Yishun, Sembawang",2-RM,0
2020Q1,27,"Yishun, Sembawang",3-RM,0
2020Q1,27,"Yishun, Sembawang",4-RM,1800
2020Q1,27,"Yishun, Sembawang",5-RM,1900
2020Q1,27,"Yishun, Sembawang",EXEC,2100
2020Q1,19,"Serangoon Garden, Hougang, Punggo",1-RM,0
2020Q1,19,"Serangoon Garden, Hougang, Punggo",2-RM,0
2020Q1,19,"Serangoon Garden, Hougang, Punggo",3-RM,0
2020Q1,19,"Serangoon Garden, Hougang, Punggo",4-RM,1900
2020Q1,19,"Serangoon Garden, Hougang, Punggo",5-RM,1950
2020Q1,19,"Serangoon Garden, Hougang, Punggo",EXEC,2100
2020Q1,12,"Balestier, Toa Payoh, Serangoon",1-RM,0
2020Q1,12,"Balestier, Toa Payoh, Serangoon",2-RM,0
2020Q1,12,"Balestier, Toa Payoh, Serangoon",3-RM,1800
2020Q1,12,"Balestier, Toa Payoh, Serangoon",4-RM,2200
2020Q1,12,"Balestier, Toa Payoh, Serangoon",5-RM,2300
2020Q1,12,"Balestier, Toa Payoh, Serangoon",EXEC,0
2020Q1,18,"Tampines, Pasir Ris",1-RM,0
2020Q1,18,"Tampines, Pasir Ris",2-RM,0
2020Q1,18,"Tampines, Pasir Ris",3-RM,1750
2020Q1,18,"Tampines, Pasir Ris",4-RM,2100
2020Q1,18,"Tampines, Pasir Ris",5-RM,2250
2020Q1,18,"Tampines, Pasir Ris",EXEC,2400
2020Q1,12,"Balestier, Toa Payoh, Serangoon",1-RM,0
2020Q1,12,"Balestier, Toa Payoh, Serangoon",2-RM,0
2020Q1,12,"Balestier, Toa Payoh, Serangoon",3-RM,1800
2020Q1,12,"Balestier, Toa Payoh, Serangoon",4-RM,2200
2020Q1,12,"Balestier, Toa Payoh, Serangoon",5-RM,2500
2020Q1,12,"Balestier, Toa Payoh, Serangoon",EXEC,0
2020Q1,25,"Kranji, Woodgrove",1-RM,0
2020Q1,25,"Kranji, Woodgrove",2-RM,0
2020Q1,25,"Kranji, Woodgrove",3-RM,1400
2020Q1,25,"Kranji, Woodgrove",4-RM,1750
2020Q1,25,"Kranji, Woodgrove",5-RM,1800
2020Q1,25,"Kranji, Woodgrove",EXEC,2000
2020Q1,27,"Yishun, Sembawang",1-RM,0
2020Q1,27,"Yishun, Sembawang",2-RM,0
2020Q1,27,"Yishun, Sembawang",3-RM,1600
2020Q1,27,"Yishun, Sembawang",4-RM,1800
2020Q1,27,"Yishun, Sembawang",5-RM,2030
2020Q1,27,"Yishun, Sembawang",EXEC,2100
2020Q2,20,"Bishan, Ang Mo Kio",1-RM,0
2020Q2,20,"Bishan, Ang Mo Kio",2-RM,0
2020Q2,20,"Bishan, Ang Mo Kio",3-RM,1700
2020Q2,20,"Bishan, Ang Mo Kio",4-RM,2100
2020Q2,20,"Bishan, Ang Mo Kio",5-RM,2350
2020Q2,20,"Bishan, Ang Mo Kio",EXEC,0
2020Q2,16,"Bedok, Upper East Coast, Eastwood, Kew Drive",1-RM,0
2020Q2,16,"Bedok, Upper East Coast, Eastwood, Kew Drive",2-RM,0
2020Q2,16,"Bedok, Upper East Coast, Eastwood, Kew Drive",3-RM,1700
2020Q2,16,"Bedok, Upper East Coast, Eastwood, Kew Drive",4-RM,2000
2020Q2,16,"Bedok, Upper East Coast, Eastwood, Kew Drive",5-RM,2300
2020Q2,16,"Bedok, Upper East Coast, Eastwood, Kew Drive",EXEC,2400
2020Q2,20,"Bishan, Ang Mo Kio",1-RM,0
2020Q2,20,"Bishan, Ang Mo Kio",2-RM,0
2020Q2,20,"Bishan, Ang Mo Kio",3-RM,1800
2020Q2,20,"Bishan, Ang Mo Kio",4-RM,2300
2020Q2,20,"Bishan, Ang Mo Kio",5-RM,2500
2020Q2,20,"Bishan, Ang Mo Kio",EXEC,0
2020Q2,23,"Hillview, Dairy Farm, Bukit Panjang, Choa Chu Kang",1-RM,0
2020Q2,23,"Hillview, Dairy Farm, Bukit Panjang, Choa Chu Kang",2-RM,0
2020Q2,23,"Hillview, Dairy Farm, Bukit Panjang, Choa Chu Kang",3-RM,1600
2020Q2,23,"Hillview, Dairy Farm, Bukit Panjang, Choa Chu Kang",4-RM,1900
2020Q2,23,"Hillview, Dairy Farm, Bukit Panjang, Choa Chu Kang",5-RM,2100
2020Q2,23,"Hillview, Dairy Farm, Bukit Panjang, Choa Chu Kang",EXEC,0
2020Q2,04,"Telok Blangah, Harbourfront",1-RM,0
2020Q2,04,"Telok Blangah, Harbourfront",2-RM,0
2020Q2,04,"Telok Blangah, Harbourfront",3-RM,1950
2020Q2,04,"Telok Blangah, Harbourfront",4-RM,2500
2020Q2,04,"Telok Blangah, Harbourfront",5-RM,2700
2020Q2,04,"Telok Blangah, Harbourfront",EXEC,0
2020Q2,23,"Hillview, Dairy Farm, Bukit Panjang, Choa Chu Kang",1-RM,0
2020Q2,23,"Hillview, Dairy Farm, Bukit Panjang, Choa Chu Kang",2-RM,0
2020Q2,23,"Hillview, Dairy Farm, Bukit Panjang, Choa Chu Kang",3-RM,1500
2020Q2,23,"Hillview, Dairy Farm, Bukit Panjang, Choa Chu Kang",4-RM,1700
2020Q2,23,"Hillview, Dairy Farm, Bukit Panjang, Choa Chu Kang",5-RM,1900
2020Q2,23,"Hillview, Dairy Farm, Bukit Panjang, Choa Chu Kang",EXEC,2000
2020Q2,10,"Ardmore, Bukit Timah, Holland Road, Tanglin",1-RM,0
2020Q2,10,"Ardmore, Bukit Timah, Holland Road, Tanglin",2-RM,0
2020Q2,10,"Ardmore, Bukit Timah, Holland Road, Tanglin",3-RM,0
2020Q2,10,"Ardmore, Bukit Timah, Holland Road, Tanglin",4-RM,0
2020Q2,10,"Ardmore, Bukit Timah, Holland Road, Tanglin",5-RM,0
2020Q2,10,"Ardmore, Bukit Timah, Holland Road, Tanglin",EXEC,0
2020Q2,02,"Anson, Tanjong Pagar",1-RM,0
2020Q2,02,"Anson, Tanjong Pagar",2-RM,0
2020Q2,02,"Anson, Tanjong Pagar",3-RM,2080
2020Q2,02,"Anson, Tanjong Pagar",4-RM,2500
2020Q2,02,"Anson, Tanjong Pagar",5-RM,0
2020Q2,02,"Anson, Tanjong Pagar",EXEC,0
2020Q2,23,"Hillview, Dairy Farm, Bukit Panjang, Choa Chu Kang",1-RM,0
2020Q2,23,"Hillview, Dairy Farm, Bukit Panjang, Choa Chu Kang",2-RM,0
2020Q2,23,"Hillview, Dairy Farm, Bukit Panjang, Choa Chu Kang",3-RM,0
2020Q2,23,"Hillview, Dairy Farm, Bukit Panjang, Choa Chu Kang",4-RM,1800
2020Q2,23,"Hillview, Dairy Farm, Bukit Panjang, Choa Chu Kang",5-RM,1850
2020Q2,23,"Hillview, Dairy Farm, Bukit Panjang, Choa Chu Kang",EXEC,2000
2020Q2,05,"Pasir Panjang, Hong Leong Garden, Clementi New Town",1-RM,0
2020Q2,05,"Pasir Panjang, Hong Leong Garden, Clementi New Town",2-RM,0
2020Q2,05,"Pasir Panjang, Hong Leong Garden, Clementi New Town",3-RM,1880
2020Q2,05,"Pasir Panjang, Hong Leong Garden, Clementi New Town",4-RM,2350
2020Q2,05,"Pasir Panjang, Hong Leong Garden, Clementi New Town",5-RM,2580
2020Q2,05,"Pasir Panjang, Hong Leong Garden, Clementi New Town",EXEC,0
2020Q2,14,"Geylang, Eunos",1-RM,0
2020Q2,14,"Geylang, Eunos",2-RM,0
2020Q2,14,"Geylang, Eunos",3-RM,1750
2020Q2,14,"Geylang, Eunos",4-RM,2250
2020Q2,14,"Geylang, Eunos",5-RM,2450
2020Q2,14,"Geylang, Eunos",EXEC,0
2020Q2,19,"Serangoon Garden, Hougang, Punggo",1-RM,0
2020Q2,19,"Serangoon Garden, Hougang, Punggo",2-RM,0
2020Q2,19,"Serangoon Garden, Hougang, Punggo",3-RM,1650
2020Q2,19,"Serangoon Garden, Hougang, Punggo",4-RM,1900
2020Q2,19,"Serangoon Garden, Hougang, Punggo",5-RM,2100
2020Q2,19,"Serangoon Garden, Hougang, Punggo",EXEC,2250
2020Q2,22,Jurong,1-RM,0
2020Q2,22,Jurong,2-RM,0
2020Q2,22,Jurong,3-RM,1700
2020Q2,22,Jurong,4-RM,2000
2020Q2,22,Jurong,5-RM,2250
2020Q2,22,Jurong,EXEC,2500
2020Q2,22,Jurong,1-RM,0
2020Q2,22,Jurong,2-RM,0
2020Q2,22,Jurong,3-RM,1650
2020Q2,22,Jurong,4-RM,2000
2020Q2,22,Jurong,5-RM,2100
2020Q2,22,Jurong,EXEC,2200
2020Q2,14,"Geylang, Eunos",1-RM,0
2020Q2,14,"Geylang, Eunos",2-RM,0
2020Q2,14,"Geylang, Eunos",3-RM,1850
2020Q2,14,"Geylang, Eunos",4-RM,2400
2020Q2,14,"Geylang, Eunos",5-RM,2500
2020Q2,14,"Geylang, Eunos",EXEC,0
2020Q2,15,"Katong, Joo Chiat, Amber Road",1-RM,0
2020Q2,15,"Katong, Joo Chiat, Amber Road",2-RM,0
2020Q2,15,"Katong, Joo Chiat, Amber Road",3-RM,1800
2020Q2,15,"Katong, Joo Chiat, Amber Road",4-RM,2050
2020Q2,15,"Katong, Joo Chiat, Amber Road",5-RM,0
2020Q2,15,"Katong, Joo Chiat, Amber Road",EXEC,0
2020Q2,18,"Tampines, Pasir Ris",1-RM,0
2020Q2,18,"Tampines, Pasir Ris",2-RM,0
2020Q2,18,"Tampines, Pasir Ris",3-RM,0
2020Q2,18,"Tampines, Pasir Ris",4-RM,1900
2020Q2,18,"Tampines, Pasir Ris",5-RM,2050
2020Q2,18,"Tampines, Pasir Ris",EXEC,2200
2020Q2,19,"Serangoon Garden, Hougang, Punggo",1-RM,0
2020Q2,19,"Serangoon Garden, Hougang, Punggo",2-RM,0
2020Q2,19,"Serangoon Garden, Hougang, Punggo",3-RM,0
2020Q2,19,"Serangoon Garden, Hougang, Punggo",4-RM,1900
2020Q2,19,"Serangoon Garden, Hougang, Punggo",5-RM,1900
2020Q2,19,"Serangoon Garden, Hougang, Punggo",EXEC,0
2020Q2,03,"Queenstown, Tiong Bahru",1-RM,0
2020Q2,03,"Queenstown, Tiong Bahru",2-RM,0
2020Q2,03,"Queenstown, Tiong Bahru",3-RM,1900
2020Q2,03,"Queenstown, Tiong Bahru",4-RM,2550
2020Q2,03,"Queenstown, Tiong Bahru",5-RM,2750
2020Q2,03,"Queenstown, Tiong Bahru",EXEC,0
2020Q2,27,"Yishun, Sembawang",1-RM,0
2020Q2,27,"Yishun, Sembawang",2-RM,0
2020Q2,27,"Yishun, Sembawang",3-RM,0
2020Q2,27,"Yishun, Sembawang",4-RM,1800
2020Q2,27,"Yishun, Sembawang",5-RM,1900
2020Q2,27,"Yishun, Sembawang",EXEC,2050
2020Q2,19,"Serangoon Garden, Hougang, Punggo",1-RM,0
2020Q2,19,"Serangoon Garden, Hougang, Punggo",2-RM,0
2020Q2,19,"Serangoon Garden, Hougang, Punggo",3-RM,0
2020Q2,19,"Serangoon Garden, Hougang, Punggo",4-RM,1850
2020Q2,19,"Serangoon Garden, Hougang, Punggo",5-RM,1950
2020Q2,19,"Serangoon Garden, Hougang, Punggo",EXEC,2100
2020Q2,12,"Balestier, Toa Payoh, Serangoon",1-RM,0
2020Q2,12,"Balestier, Toa Payoh, Serangoon",2-RM,0
2020Q2,12,"Balestier, Toa Payoh, Serangoon",3-RM,1800
2020Q2,12,"Balestier, Toa Payoh, Serangoon",4-RM,2200
2020Q2,12,"Balestier, Toa Payoh, Serangoon",5-RM,2100
2020Q2,12,"Balestier, Toa Payoh, Serangoon",EXEC,0
2020Q2,18,"Tampines, Pasir Ris",1-RM,0
2020Q2,18,"Tampines, Pasir Ris",2-RM,0
2020Q2,18,"Tampines, Pasir Ris",3-RM,1750
2020Q2,18,"Tampines, Pasir Ris",4-RM,2000
2020Q2,18,"Tampines, Pasir Ris",5-RM,2200
2020Q2,18,"Tampines, Pasir Ris",EXEC,2300
2020Q2,12,"Balestier, Toa Payoh, Serangoon",1-RM,0
2020Q2,12,"Balestier, Toa Payoh, Serangoon",2-RM,0
2020Q2,12,"Balestier, Toa Payoh, Serangoon",3-RM,1800
2020Q2,12,"Balestier, Toa Payoh, Serangoon",4-RM,2300
2020Q2,12,"Balestier, Toa Payoh, Serangoon",5-RM,2600
2020Q2,12,"Balestier, Toa Payoh, Serangoon",EXEC,0
2020Q2,25,"Kranji, Woodgrove",1-RM,0
2020Q2,25,"Kranji, Woodgrove",2-RM,0
2020Q2,25,"Kranji, Woodgrove",3-RM,1400
2020Q2,25,"Kranji, Woodgrove",4-RM,1710
2020Q2,25,"Kranji, Woodgrove",5-RM,1800
2020Q2,25,"Kranji, Woodgrove",EXEC,2130
2020Q2,27,"Yishun, Sembawang",1-RM,0
2020Q2,27,"Yishun, Sembawang",2-RM,0
2020Q2,27,"Yishun, Sembawang",3-RM,1550
2020Q2,27,"Yishun, Sembawang",4-RM,1850
2020Q2,27,"Yishun, Sembawang",5-RM,2000
2020Q2,27,"Yishun, Sembawang",EXEC,2100
2020Q3,20,"Bishan, Ang Mo Kio",1-RM,0
2020Q3,20,"Bishan, Ang Mo Kio",2-RM,0
2020Q3,20,"Bishan, Ang Mo Kio",3-RM,1750
2020Q3,20,"Bishan, Ang Mo Kio",4-RM,2140
2020Q3,20,"Bishan, Ang Mo Kio",5-RM,2400
2020Q3,20,"Bishan, Ang Mo Kio",EXEC,0
2020Q3,16,"Bedok, Upper East Coast, Eastwood, Kew Drive",1-RM,0
2020Q3,16,"Bedok, Upper East Coast, Eastwood, Kew Drive",2-RM,0
2020Q3,16,"Bedok, Upper East Coast, Eastwood, Kew Drive",3-RM,1800
2020Q3,16,"Bedok, Upper East Coast, Eastwood, Kew Drive",4-RM,2030
2020Q3,16,"Bedok, Upper East Coast, Eastwood, Kew Drive",5-RM,2200
2020Q3,16,"Bedok, Upper East Coast, Eastwood, Kew Drive",EXEC,0
2020Q3,20,"Bishan, Ang Mo Kio",1-RM,0
2020Q3,20,"Bishan, Ang Mo Kio",2-RM,0
2020Q3,20,"Bishan, Ang Mo Kio",3-RM,1850
2020Q3,20,"Bishan, Ang Mo Kio",4-RM,2250
2020Q3,20,"Bishan, Ang Mo Kio",5-RM,2500
2020Q3,20,"Bishan, Ang Mo Kio",EXEC,0
2020Q3,23,"Hillview, Dairy Farm, Bukit Panjang, Choa Chu Kang",1-RM,0
2020Q3,23,"Hillview, Dairy Farm, Bukit Panjang, Choa Chu Kang",2-RM,0
2020Q3,23,"Hillview, Dairy Farm, Bukit Panjang, Choa Chu Kang",3-RM,1650
2020Q3,23,"Hillview, Dairy Farm, Bukit Panjang, Choa Chu Kang",4-RM,2050
2020Q3,23,"Hillview, Dairy Farm, Bukit Panjang, Choa Chu Kang",5-RM,2150
2020Q3,23,"Hillview, Dairy Farm, Bukit Panjang, Choa Chu Kang",EXEC,0
2020Q3,04,"Telok Blangah, Harbourfront",1-RM,0
2020Q3,04,"Telok Blangah, Harbourfront",2-RM,0
2020Q3,04,"Telok Blangah, Harbourfront",3-RM,2000
2020Q3,04,"Telok Blangah, Harbourfront",4-RM,2550
2020Q3,04,"Telok Blangah, Harbourfront",5-RM,2800
2020Q3,04,"Telok Blangah, Harbourfront",EXEC,0
2020Q3,23,"Hillview, Dairy Farm, Bukit Panjang, Choa Chu Kang",1-RM,0
2020Q3,23,"Hillview, Dairy Farm, Bukit Panjang, Choa Chu Kang",2-RM,0
2020Q3,23,"Hillview, Dairy Farm, Bukit Panjang, Choa Chu Kang",3-RM,1530
2020Q3,23,"Hillview, Dairy Farm, Bukit Panjang, Choa Chu Kang",4-RM,1750
2020Q3,23,"Hillview, Dairy Farm, Bukit Panjang, Choa Chu Kang",5-RM,1900
2020Q3,23,"Hillview, Dairy Farm, Bukit Panjang, Choa Chu Kang",EXEC,2200
2020Q3,10,"Ardmore, Bukit Timah, Holland Road, Tanglin",1-RM,0
2020Q3,10,"Ardmore, Bukit Timah, Holland Road, Tanglin",2-RM,0
2020Q3,10,"Ardmore, Bukit Timah, Holland Road, Tanglin",3-RM,0
2020Q3,10,"Ardmore, Bukit Timah, Holland Road, Tanglin",4-RM,0
2020Q3,10,"Ardmore, Bukit Timah, Holland Road, Tanglin",5-RM,0
2020Q3,10,"Ardmore, Bukit Timah, Holland Road, Tanglin",EXEC,0
2020Q3,02,"Anson, Tanjong Pagar",1-RM,0
2020Q3,02,"Anson, Tanjong Pagar",2-RM,0
2020Q3,02,"Anson, Tanjong Pagar",3-RM,2150
2020Q3,02,"Anson, Tanjong Pagar",4-RM,2600
2020Q3,02,"Anson, Tanjong Pagar",5-RM,0
2020Q3,02,"Anson, Tanjong Pagar",EXEC,0
2020Q3,23,"Hillview, Dairy Farm, Bukit Panjang, Choa Chu Kang",1-RM,0
2020Q3,23,"Hillview, Dairy Farm, Bukit Panjang, Choa Chu Kang",2-RM,0
2020Q3,23,"Hillview, Dairy Farm, Bukit Panjang, Choa Chu Kang",3-RM,0
2020Q3,23,"Hillview, Dairy Farm, Bukit Panjang, Choa Chu Kang",4-RM,1800
2020Q3,23,"Hillview, Dairy Farm, Bukit Panjang, Choa Chu Kang",5-RM,1880
2020Q3,23,"Hillview, Dairy Farm, Bukit Panjang, Choa Chu Kang",EXEC,2200
2020Q3,05,"Pasir Panjang, Hong Leong Garden, Clementi New Town",1-RM,0
2020Q3,05,"Pasir Panjang, Hong Leong Garden, Clementi New Town",2-RM,0
2020Q3,05,"Pasir Panjang, Hong Leong Garden, Clementi New Town",3-RM,1900
2020Q3,05,"Pasir Panjang, Hong Leong Garden, Clementi New Town",4-RM,2400
2020Q3,05,"Pasir Panjang, Hong Leong Garden, Clementi New Town",5-RM,2600
2020Q3,05,"Pasir Panjang, Hong Leong Garden, Clementi New Town",EXEC,0
2020Q3,14,"Geylang, Eunos",1-RM,0
2020Q3,14,"Geylang, Eunos",2-RM,0
2020Q3,14,"Geylang, Eunos",3-RM,1800
2020Q3,14,"Geylang, Eunos",4-RM,2300
2020Q3,14,"Geylang, Eunos",5-RM,2500
2020Q3,14,"Geylang, Eunos",EXEC,0
2020Q3,19,"Serangoon Garden, Hougang, Punggo",1-RM,0
2020Q3,19,"Serangoon Garden, Hougang, Punggo",2-RM,0
2020Q3,19,"Serangoon Garden, Hougang, Punggo",3-RM,1700
2020Q3,19,"Serangoon Garden, Hougang, Punggo",4-RM,2000
2020Q3,19,"Serangoon Garden, Hougang, Punggo",5-RM,2100
2020Q3,19,"Serangoon Garden, Hougang, Punggo",EXEC,0
2020Q3,22,Jurong,1-RM,0
2020Q3,22,Jurong,2-RM,0
2020Q3,22,Jurong,3-RM,1750
2020Q3,22,Jurong,4-RM,2100
2020Q3,22,Jurong,5-RM,2300
2020Q3,22,Jurong,EXEC,0
2020Q3,22,Jurong,1-RM,0
2020Q3,22,Jurong,2-RM,0
2020Q3,22,Jurong,3-RM,1600
2020Q3,22,Jurong,4-RM,2000
2020Q3,22,Jurong,5-RM,2200
2020Q3,22,Jurong,EXEC,2400
2020Q3,14,"Geylang, Eunos",1-RM,0
2020Q3,14,"Geylang, Eunos",2-RM,0
2020Q3,14,"Geylang, Eunos",3-RM,1900
2020Q3,14,"Geylang, Eunos",4-RM,2400
2020Q3,14,"Geylang, Eunos",5-RM,2500
2020Q3,14,"Geylang, Eunos",EXEC,0
2020Q3,15,"Katong, Joo Chiat, Amber Road",1-RM,0
2020Q3,15,"Katong, Joo Chiat, Amber Road",2-RM,0
2020Q3,15,"Katong, Joo Chiat, Amber Road",3-RM,1800
2020Q3,15,"Katong, Joo Chiat, Amber Road",4-RM,2150
2020Q3,15,"Katong, Joo Chiat, Amber Road",5-RM,0
2020Q3,15,"Katong, Joo Chiat, Amber Road",EXEC,0
2020Q3,18,"Tampines, Pasir Ris",1-RM,0
2020Q3,18,"Tampines, Pasir Ris",2-RM,0
2020Q3,18,"Tampines, Pasir Ris",3-RM,0
2020Q3,18,"Tampines, Pasir Ris",4-RM,2000
2020Q3,18,"Tampines, Pasir Ris",5-RM,2150
2020Q3,18,"Tampines, Pasir Ris",EXEC,2300
2020Q3,19,"Serangoon Garden, Hougang, Punggo",1-RM,0
2020Q3,19,"Serangoon Garden, Hougang, Punggo",2-RM,0
2020Q3,19,"Serangoon Garden, Hougang, Punggo",3-RM,1700
2020Q3,19,"Serangoon Garden, Hougang, Punggo",4-RM,1900
2020Q3,19,"Serangoon Garden, Hougang, Punggo",5-RM,2000
2020Q3,19,"Serangoon Garden, Hougang, Punggo",EXEC,0
2020Q3,03,"Queenstown, Tiong Bahru",1-RM,0
2020Q3,03,"Queenstown, Tiong Bahru",2-RM,0
2020Q3,03,"Queenstown, Tiong Bahru",3-RM,1900
2020Q3,03,"Queenstown, Tiong Bahru",4-RM,2600
2020Q3,03,"Queenstown, Tiong Bahru",5-RM,2850
2020Q3,03,"Queenstown, Tiong Bahru",EXEC,0
2020Q3,27,"Yishun, Sembawang",1-RM,0
2020Q3,27,"Yishun, Sembawang",2-RM,0
2020Q3,27,"Yishun, Sembawang",3-RM,0
2020Q3,27,"Yishun, Sembawang",4-RM,1800
2020Q3,27,"Yishun, Sembawang",5-RM,1940
2020Q3,27,"Yishun, Sembawang",EXEC,2100
2020Q3,19,"Serangoon Garden, Hougang, Punggo",1-RM,0
2020Q3,19,"Serangoon Garden, Hougang, Punggo",2-RM,0
2020Q3,19,"Serangoon Garden, Hougang, Punggo",3-RM,1700
2020Q3,19,"Serangoon Garden, Hougang, Punggo",4-RM,1950
2020Q3,19,"Serangoon Garden, Hougang, Punggo",5-RM,2000
2020Q3,19,"Serangoon Garden, Hougang, Punggo",EXEC,2000
2020Q3,12,"Balestier, Toa Payoh, Serangoon",1-RM,0
2020Q3,12,"Balestier, Toa Payoh, Serangoon",2-RM,0
2020Q3,12,"Balestier, Toa Payoh, Serangoon",3-RM,1850
2020Q3,12,"Balestier, Toa Payoh, Serangoon",4-RM,2300
2020Q3,12,"Balestier, Toa Payoh, Serangoon",5-RM,2430
2020Q3,12,"Balestier, Toa Payoh, Serangoon",EXEC,0
2020Q3,18,"Tampines, Pasir Ris",1-RM,0
2020Q3,18,"Tampines, Pasir Ris",2-RM,0
2020Q3,18,"Tampines, Pasir Ris",3-RM,1800
2020Q3,18,"Tampines, Pasir Ris",4-RM,2000
2020Q3,18,"Tampines, Pasir Ris",5-RM,2200
2020Q3,18,"Tampines, Pasir Ris",EXEC,2400
2020Q3,12,"Balestier, Toa Payoh, Serangoon",1-RM,0
2020Q3,12,"Balestier, Toa Payoh, Serangoon",2-RM,0
2020Q3,12,"Balestier, Toa Payoh, Serangoon",3-RM,1840
2020Q3,12,"Balestier, Toa Payoh, Serangoon",4-RM,2300
2020Q3,12,"Balestier, Toa Payoh, Serangoon",5-RM,2500
2020Q3,12,"Balestier, Toa Payoh, Serangoon",EXEC,0
2020Q3,25,"Kranji, Woodgrove",1-RM,0
2020Q3,25,"Kranji, Woodgrove",2-RM,0
2020Q3,25,"Kranji, Woodgrove",3-RM,1550
2020Q3,25,"Kranji, Woodgrove",4-RM,1800
2020Q3,25,"Kranji, Woodgrove",5-RM,1950
2020Q3,25,"Kranji, Woodgrove",EXEC,2200
2020Q3,27,"Yishun, Sembawang",1-RM,0
2020Q3,27,"Yishun, Sembawang",2-RM,0
2020Q3,27,"Yishun, Sembawang",3-RM,1650
2020Q3,27,"Yishun, Sembawang",4-RM,1800
2020Q3,27,"Yishun, Sembawang",5-RM,2000
2020Q3,27,"Yishun, Sembawang",EXEC,0
2020Q4,20,"Bishan, Ang Mo Kio",1-RM,0
2020Q4,20,"Bishan, Ang Mo Kio",2-RM,0
2020Q4,20,"Bishan, Ang Mo Kio",3-RM,1800
2020Q4,20,"Bishan, Ang Mo Kio",4-RM,2100
2020Q4,20,"Bishan, Ang Mo Kio",5-RM,2400
2020Q4,20,"Bishan, Ang Mo Kio",EXEC,0
2020Q4,16,"Bedok, Upper East Coast, Eastwood, Kew Drive",1-RM,0
2020Q4,16,"Bedok, Upper East Coast, Eastwood, Kew Drive",2-RM,0
2020Q4,16,"Bedok, Upper East Coast, Eastwood, Kew Drive",3-RM,1800
2020Q4,16,"Bedok, Upper East Coast, Eastwood, Kew Drive",4-RM,2100
2020Q4,16,"Bedok, Upper East Coast, Eastwood, Kew Drive",5-RM,2200
2020Q4,16,"Bedok, Upper East Coast, Eastwood, Kew Drive",EXEC,0
2020Q4,20,"Bishan, Ang Mo Kio",1-RM,0
2020Q4,20,"Bishan, Ang Mo Kio",2-RM,0
2020Q4,20,"Bishan, Ang Mo Kio",3-RM,1880
2020Q4,20,"Bishan, Ang Mo Kio",4-RM,2300
2020Q4,20,"Bishan, Ang Mo Kio",5-RM,2600
2020Q4,20,"Bishan, Ang Mo Kio",EXEC,0
2020Q4,23,"Hillview, Dairy Farm, Bukit Panjang, Choa Chu Kang",1-RM,0
2020Q4,23,"Hillview, Dairy Farm, Bukit Panjang, Choa Chu Kang",2-RM,0
2020Q4,23,"Hillview, Dairy Farm, Bukit Panjang, Choa Chu Kang",3-RM,1700
2020Q4,23,"Hillview, Dairy Farm, Bukit Panjang, Choa Chu Kang",4-RM,2000
2020Q4,23,"Hillview, Dairy Farm, Bukit Panjang, Choa Chu Kang",5-RM,2200
2020Q4,23,"Hillview, Dairy Farm, Bukit Panjang, Choa Chu Kang",EXEC,2300
2020Q4,04,"Telok Blangah, Harbourfront",1-RM,0
2020Q4,04,"Telok Blangah, Harbourfront",2-RM,0
2020Q4,04,"Telok Blangah, Harbourfront",3-RM,0
2020Q4,04,"Telok Blangah, Harbourfront",4-RM,0
2020Q4,04,"Telok Blangah, Harbourfront",5-RM,0
2020Q4,04,"Telok Blangah, Harbourfront",EXEC,0
2020Q4,23,"Hillview, Dairy Farm, Bukit Panjang, Choa Chu Kang",1-RM,0
2020Q4,23,"Hillview, Dairy Farm, Bukit Panjang, Choa Chu Kang",2-RM,0
2020Q4,23,"Hillview, Dairy Farm, Bukit Panjang, Choa Chu Kang",3-RM,1550
2020Q4,23,"Hillview, Dairy Farm, Bukit Panjang, Choa Chu Kang",4-RM,1800
2020Q4,23,"Hillview, Dairy Farm, Bukit Panjang, Choa Chu Kang",5-RM,2000
2020Q4,23,"Hillview, Dairy Farm, Bukit Panjang, Choa Chu Kang",EXEC,2000
2020Q4,10,"Ardmore, Bukit Timah, Holland Road, Tanglin",1-RM,0
2020Q4,10,"Ardmore, Bukit Timah, Holland Road, Tanglin",2-RM,0
2020Q4,10,"Ardmore, Bukit Timah, Holland Road, Tanglin",3-RM,0
2020Q4,10,"Ardmore, Bukit Timah, Holland Road, Tanglin",4-RM,0
2020Q4,10,"Ardmore, Bukit Timah, Holland Road, Tanglin",5-RM,0
2020Q4,10,"Ardmore, Bukit Timah, Holland Road, Tanglin",EXEC,0
2020Q4,02,"Anson, Tanjong Pagar",1-RM,0
2020Q4,02,"Anson, Tanjong Pagar",2-RM,0
2020Q4,02,"Anson, Tanjong Pagar",3-RM,2200
2020Q4,02,"Anson, Tanjong Pagar",4-RM,2700
2020Q4,02,"Anson, Tanjong Pagar",5-RM,0
2020Q4,02,"Anson, Tanjong Pagar",EXEC,0
2020Q4,23,"Hillview, Dairy Farm, Bukit Panjang, Choa Chu Kang",1-RM,0
2020Q4,23,"Hillview, Dairy Farm, Bukit Panjang, Choa Chu Kang",2-RM,0
2020Q4,23,"Hillview, Dairy Farm, Bukit Panjang, Choa Chu Kang",3-RM,0
2020Q4,23,"Hillview, Dairy Farm, Bukit Panjang, Choa Chu Kang",4-RM,1890
2020Q4,23,"Hillview, Dairy Farm, Bukit Panjang, Choa Chu Kang",5-RM,1950
2020Q4,23,"Hillview, Dairy Farm, Bukit Panjang, Choa Chu Kang",EXEC,2000
2020Q4,05,"Pasir Panjang, Hong Leong Garden, Clementi New Town",1-RM,0
2020Q4,05,"Pasir Panjang, Hong Leong Garden, Clementi New Town",2-RM,0
2020Q4,05,"Pasir Panjang, Hong Leong Garden, Clementi New Town",3-RM,1910
2020Q4,05,"Pasir Panjang, Hong Leong Garden, Clementi New Town",4-RM,2500
2020Q4,05,"Pasir Panjang, Hong Leong Garden, Clementi New Town",5-RM,2600
2020Q4,05,"Pasir Panjang, Hong Leong Garden, Clementi New Town",EXEC,0
2020Q4,14,"Geylang, Eunos",1-RM,0
2020Q4,14,"Geylang, Eunos",2-RM,0
2020Q4,14,"Geylang, Eunos",3-RM,0
2020Q4,14,"Geylang, Eunos",4-RM,0
2020Q4,14,"Geylang, Eunos",5-RM,0
2020Q4,14,"Geylang, Eunos",EXEC,0
2020Q4,19,"Serangoon Garden, Hougang, Punggo",1-RM,0
2020Q4,19,"Serangoon Garden, Hougang, Punggo",2-RM,0
2020Q4,19,"Serangoon Garden, Hougang, Punggo",3-RM,1750
2020Q4,19,"Serangoon Garden, Hougang, Punggo",4-RM,2000
2020Q4,19,"Serangoon Garden, Hougang, Punggo",5-RM,2130
2020Q4,19,"Serangoon Garden, Hougang, Punggo",EXEC,2300
2020Q4,22,Jurong,1-RM,0
2020Q4,22,Jurong,2-RM,0
2020Q4,22,Jurong,3-RM,1800
2020Q4,22,Jurong,4-RM,2100
2020Q4,22,Jurong,5-RM,2300
2020Q4,22,Jurong,EXEC,0
2020Q4,22,Jurong,1-RM,0
2020Q4,22,Jurong,2-RM,0
2020Q4,22,Jurong,3-RM,1700
2020Q4,22,Jurong,4-RM,2000
2020Q4,22,Jurong,5-RM,2250
2020Q4,22,Jurong,EXEC,2400
2020Q4,14,"Geylang, Eunos",1-RM,0
2020Q4,14,"Geylang, Eunos",2-RM,0
2020Q4,14,"Geylang, Eunos",3-RM,1900
2020Q4,14,"Geylang, Eunos",4-RM,2500
2020Q4,14,"Geylang, Eunos",5-RM,2630
2020Q4,14,"Geylang, Eunos",EXEC,0
2020Q4,15,"Katong, Joo Chiat, Amber Road",1-RM,0
2020Q4,15,"Katong, Joo Chiat, Amber Road",2-RM,0
2020Q4,15,"Katong, Joo Chiat, Amber Road",3-RM,1880
2020Q4,15,"Katong, Joo Chiat, Amber Road",4-RM,0
2020Q4,15,"Katong, Joo Chiat, Amber Road",5-RM,0
2020Q4,15,"Katong, Joo Chiat, Amber Road",EXEC,0
2020Q4,18,"Tampines, Pasir Ris",1-RM,0
2020Q4,18,"Tampines, Pasir Ris",2-RM,0
2020Q4,18,"Tampines, Pasir Ris",3-RM,0
2020Q4,18,"Tampines, Pasir Ris",4-RM,2000
2020Q4,18,"Tampines, Pasir Ris",5-RM,2200
2020Q4,18,"Tampines, Pasir Ris",EXEC,2300
2020Q4,19,"Serangoon Garden, Hougang, Punggo",1-RM,0
2020Q4,19,"Serangoon Garden, Hougang, Punggo",2-RM,0
2020Q4,19,"Serangoon Garden, Hougang, Punggo",3-RM,0
2020Q4,19,"Serangoon Garden, Hougang, Punggo",4-RM,2000
2020Q4,19,"Serangoon Garden, Hougang, Punggo",5-RM,2000
2020Q4,19,"Serangoon Garden, Hougang, Punggo",EXEC,0
2020Q4,03,"Queenstown, Tiong Bahru",1-RM,0
2020Q4,03,"Queenstown, Tiong Bahru",2-RM,1500
2020Q4,03,"Queenstown, Tiong Bahru",3-RM,2000
2020Q4,03,"Queenstown, Tiong Bahru",4-RM,2700
2020Q4,03,"Queenstown, Tiong Bahru",5-RM,2850
2020Q4,03,"Queenstown, Tiong Bahru",EXEC,0
2020Q4,27,"Yishun, Sembawang",1-RM,0
2020Q4,27,"Yishun, Sembawang",2-RM,0
2020Q4,27,"Yishun, Sembawang",3-RM,0
2020Q4,27,"Yishun, Sembawang",4-RM,1900
2020Q4,27,"Yishun, Sembawang",5-RM,2000
2020Q4,27,"Yishun, Sembawang",EXEC,2150
2020Q4,19,"Serangoon Garden, Hougang, Punggo",1-RM,0
2020Q4,19,"Serangoon Garden, Hougang, Punggo",2-RM,0
2020Q4,19,"Serangoon Garden, Hougang, Punggo",3-RM,0
2020Q4,19,"Serangoon Garden, Hougang, Punggo",4-RM,2000
2020Q4,19,"Serangoon Garden, Hougang, Punggo",5-RM,2000
2020Q4,19,"Serangoon Garden, Hougang, Punggo",EXEC,2100
2020Q4,12,"Balestier, Toa Payoh, Serangoon",1-RM,0
2020Q4,12,"Balestier, Toa Payoh, Serangoon",2-RM,0
2020Q4,12,"Balestier, Toa Payoh, Serangoon",3-RM,1800
2020Q4,12,"Balestier, Toa Payoh, Serangoon",4-RM,2230
2020Q4,12,"Balestier, Toa Payoh, Serangoon",5-RM,2300
2020Q4,12,"Balestier, Toa Payoh, Serangoon",EXEC,0
2020Q4,18,"Tampines, Pasir Ris",1-RM,0
2020Q4,18,"Tampines, Pasir Ris",2-RM,0
2020Q4,18,"Tampines, Pasir Ris",3-RM,1800
2020Q4,18,"Tampines, Pasir Ris",4-RM,2100
2020Q4,18,"Tampines, Pasir Ris",5-RM,2300
2020Q4,18,"Tampines, Pasir Ris",EXEC,2400
2020Q4,12,"Balestier, Toa Payoh, Serangoon",1-RM,0
2020Q4,12,"Balestier, Toa Payoh, Serangoon",2-RM,0
2020Q4,12,"Balestier, Toa Payoh, Serangoon",3-RM,1800
2020Q4,12,"Balestier, Toa Payoh, Serangoon",4-RM,2350
2020Q4,12,"Balestier, Toa Payoh, Serangoon",5-RM,2500
2020Q4,12,"Balestier, Toa Payoh, Serangoon",EXEC,0
2020Q4,25,"Kranji, Woodgrove",1-RM,0
2020Q4,25,"Kranji, Woodgrove",2-RM,0
2020Q4,25,"Kranji, Woodgrove",3-RM,1550
2020Q4,25,"Kranji, Woodgrove",4-RM,1900
2020Q4,25,"Kranji, Woodgrove",5-RM,1900
2020Q4,25,"Kranji, Woodgrove",EXEC,2030
2020Q4,27,"Yishun, Sembawang",1-RM,0
2020Q4,27,"Yishun, Sembawang",2-RM,0
2020Q4,27,"Yishun, Sembawang",3-RM,1650
2020Q4,27,"Yishun, Sembawang",4-RM,1900
2020Q4,27,"Yishun, Sembawang",5-RM,2000
2020Q4,27,"Yishun, Sembawang",EXEC,0
